;----------------------------------------------------
;Dump of Oscilloscope gather for X Axis
;Kp == 0.000000
;Ki == 0.000000
;Kd == 0.000000
;iL == 2560000.000000
;Kg == 0.000000
;Kv1 == 0.000000
;Ka == 0.000000
;accel_time == 0.500000
;samples_per_second == 200.000000
;----------------------------------------------------

Sample Seconds VExp VAbs ErrAbs ErrSum
0 0.000000 -18.295467 -16.000000 -8.000000 0.000000 
1 0.005000 -18.295467 -19.000000 -6.000000 0.000000 
2 0.010000 -18.295467 -19.000000 -8.000000 0.000000 
3 0.015000 -18.295467 -17.000000 -9.000000 0.000000 
4 0.020000 -18.295467 -18.000000 -8.000000 0.000000 
5 0.025000 -18.295467 -20.000000 -6.000000 0.000000 
6 0.030000 -18.295467 -19.000000 -8.000000 0.000000 
7 0.035000 -18.295467 -17.000000 -8.000000 0.000000 
8 0.040000 -18.295467 -19.000000 -7.000000 0.000000 
9 0.045000 -18.295467 -19.000000 -7.000000 0.000000 
10 0.050000 -18.295467 -17.000000 -7.000000 0.000000 
11 0.055000 -18.295467 -17.000000 -6.000000 0.000000 
12 0.060000 -18.295467 -20.000000 -6.000000 0.000000 
13 0.065000 -18.295467 -18.000000 -9.000000 0.000000 
14 0.070000 -18.295467 -17.000000 -8.000000 0.000000 
15 0.075000 -18.295467 -19.000000 -6.000000 0.000000 
16 0.080000 -18.295467 -19.000000 -7.000000 0.000000 
17 0.085000 -18.295467 -18.000000 -8.000000 0.000000 
18 0.090000 -18.295467 -17.000000 -7.000000 0.000000 
19 0.095000 -18.295467 -20.000000 -6.000000 0.000000 
20 0.100000 -18.295467 -20.000000 -7.000000 0.000000 
21 0.105000 -18.295467 -17.000000 -8.000000 0.000000 
22 0.110000 -18.295467 -18.000000 -6.000000 0.000000 
23 0.115000 -18.295467 -19.000000 -7.000000 0.000000 
24 0.120000 -18.295467 -17.000000 -9.000000 0.000000 
25 0.125000 -18.295467 -17.000000 -8.000000 0.000000 
26 0.130000 -18.295467 -20.000000 -7.000000 0.000000 
27 0.135000 -18.295467 -19.000000 -8.000000 0.000000 
28 0.140000 -18.295467 -17.000000 -8.000000 0.000000 
29 0.145000 -18.295467 -19.000000 -6.000000 0.000000 
30 0.150000 -18.295467 -20.000000 -6.000000 0.000000 
31 0.155000 -18.295467 -18.000000 -7.000000 0.000000 
32 0.160000 -18.295467 -17.000000 -7.000000 0.000000 
33 0.165000 -18.295467 -20.000000 -6.000000 0.000000 
34 0.170000 -18.295467 -19.000000 -7.000000 0.000000 
35 0.175000 -18.295467 -17.000000 -8.000000 0.000000 
36 0.180000 -18.295467 -18.000000 -7.000000 0.000000 
37 0.185000 -18.295467 -20.000000 -7.000000 0.000000 
38 0.190000 -18.295467 -18.000000 -8.000000 0.000000 
39 0.195000 -18.295467 -17.000000 -8.000000 0.000000 
40 0.200000 -18.295467 -19.000000 -6.000000 0.000000 
41 0.205000 -18.295467 -19.000000 -7.000000 0.000000 
42 0.210000 -18.295467 -18.000000 -8.000000 0.000000 
43 0.215000 -18.295467 -18.000000 -7.000000 0.000000 
44 0.220000 -18.295467 -20.000000 -5.000000 0.000000 
45 0.225000 -18.295467 -18.000000 -8.000000 0.000000 
46 0.230000 -18.295467 -17.000000 -8.000000 0.000000 
47 0.235000 -18.295467 -19.000000 -7.000000 0.000000 
48 0.240000 -18.295467 -20.000000 -7.000000 0.000000 
49 0.245000 -18.295467 -17.000000 -8.000000 0.000000 
50 0.250000 -18.295467 -18.000000 -7.000000 0.000000 
51 0.255000 -18.295467 -20.000000 -6.000000 0.000000 
52 0.260000 -18.295467 -18.000000 -8.000000 0.000000 
53 0.265000 -18.295467 -17.000000 -8.000000 0.000000 
54 0.270000 -18.295467 -19.000000 -6.000000 0.000000 
55 0.275000 -18.295467 -19.000000 -7.000000 0.000000 
56 0.280000 -18.295467 -17.000000 -8.000000 0.000000 
57 0.285000 -18.295467 -17.000000 -7.000000 0.000000 
58 0.290000 -18.295467 -19.000000 -7.000000 0.000000 
59 0.295000 -18.295467 -18.000000 -9.000000 0.000000 
60 0.300000 -18.295467 -16.000000 -9.000000 0.000000 
61 0.305000 -18.295467 -18.000000 -7.000000 0.000000 
62 0.310000 -18.295467 -19.000000 -7.000000 0.000000 
63 0.315000 -18.295467 -18.000000 -8.000000 0.000000 
64 0.320000 -18.295467 -17.000000 -8.000000 0.000000 
65 0.325000 -18.295467 -20.000000 -6.000000 0.000000 
66 0.330000 -18.295467 -19.000000 -7.000000 0.000000 
67 0.335000 -18.295467 -18.000000 -8.000000 0.000000 
68 0.340000 -18.295467 -19.000000 -7.000000 0.000000 
69 0.345000 -18.295467 -20.000000 -7.000000 0.000000 
70 0.350000 -18.295467 -18.000000 -8.000000 0.000000 
71 0.355000 -18.295467 -17.000000 -7.000000 0.000000 
72 0.360000 -18.295467 -19.000000 -7.000000 0.000000 
73 0.365000 -18.295467 -18.000000 -8.000000 0.000000 
74 0.370000 -18.295467 -17.000000 -8.000000 0.000000 
75 0.375000 -18.295467 -19.000000 -6.000000 0.000000 
76 0.380000 -18.295467 -20.000000 -6.000000 0.000000 
77 0.385000 -18.295467 -17.000000 -8.000000 0.000000 
78 0.390000 -18.295467 -17.000000 -7.000000 0.000000 
79 0.395000 -18.295467 -19.000000 -6.000000 0.000000 
80 0.400000 -18.295467 -18.000000 -8.000000 0.000000 
81 0.405000 -18.295467 -17.000000 -8.000000 0.000000 
82 0.410000 -18.295467 -18.000000 -7.000000 0.000000 
83 0.415000 -18.295467 -20.000000 -7.000000 0.000000 
84 0.420000 -18.295467 -18.000000 -8.000000 0.000000 
85 0.425000 -18.295467 -17.000000 -8.000000 0.000000 
86 0.430000 -18.295467 -20.000000 -6.000000 0.000000 
87 0.435000 -18.295467 -19.000000 -7.000000 0.000000 
88 0.440000 -18.295467 -17.000000 -8.000000 0.000000 
89 0.445000 -18.295467 -18.000000 -7.000000 0.000000 
90 0.450000 -18.295467 -20.000000 -7.000000 0.000000 
91 0.455000 -18.295467 -19.000000 -8.000000 0.000000 
92 0.460000 -18.295467 -17.000000 -8.000000 0.000000 
93 0.465000 -18.295467 -19.000000 -7.000000 0.000000 
94 0.470000 -18.295467 -19.000000 -8.000000 0.000000 
95 0.475000 -18.295467 -17.000000 -8.000000 0.000000 
96 0.480000 -18.295467 -18.000000 -6.000000 0.000000 
97 0.485000 -18.295467 -20.000000 -6.000000 0.000000 
98 0.490000 -18.295467 -18.000000 -8.000000 0.000000 
99 0.495000 -18.295467 -17.000000 -7.000000 0.000000 
100 0.500000 -18.295467 -19.000000 -6.000000 0.000000 
101 0.505000 -18.295467 -19.000000 -7.000000 0.000000 
102 0.510000 -18.295467 -18.000000 -8.000000 0.000000 
103 0.515000 -18.295467 -18.000000 -7.000000 0.000000 
104 0.520000 -18.295467 -20.000000 -6.000000 0.000000 
105 0.525000 -18.295467 -18.000000 -8.000000 0.000000 
106 0.530000 -18.295467 -17.000000 -8.000000 0.000000 
107 0.535000 -18.295467 -18.000000 -7.000000 0.000000 
108 0.540000 -18.295467 -20.000000 -6.000000 0.000000 
109 0.545000 -18.295467 -17.000000 -9.000000 0.000000 
110 0.550000 -18.295467 -17.000000 -8.000000 0.000000 
111 0.555000 -18.295467 -19.000000 -7.000000 0.000000 
112 0.560000 -18.295467 -19.000000 -7.000000 0.000000 
113 0.565000 -18.295467 -17.000000 -8.000000 0.000000 
114 0.570000 -18.295467 -18.000000 -8.000000 0.000000 
115 0.575000 -18.295467 -19.000000 -8.000000 0.000000 
116 0.580000 -18.295467 -18.000000 -8.000000 0.000000 
117 0.585000 -18.295467 -17.000000 -7.000000 0.000000 
118 0.590000 -18.295467 -19.000000 -7.000000 0.000000 
119 0.595000 -18.295467 -18.000000 -8.000000 0.000000 
120 0.600000 -18.295467 -17.000000 -8.000000 0.000000 
121 0.605000 -18.295467 -19.000000 -6.000000 0.000000 
122 0.610000 -18.295467 -19.000000 -6.000000 0.000000 
123 0.615000 -18.295467 -18.000000 -8.000000 0.000000 
124 0.620000 -18.295467 -17.000000 -8.000000 0.000000 
125 0.625000 -18.295467 -20.000000 -7.000000 0.000000 
126 0.630000 -18.295467 -19.000000 -8.000000 0.000000 
127 0.635000 -18.295467 -18.000000 -8.000000 0.000000 
128 0.640000 -18.295467 -17.000000 -7.000000 0.000000 
129 0.645000 -18.295467 -19.000000 -7.000000 0.000000 
130 0.650000 -18.295467 -18.000000 -8.000000 0.000000 
131 0.655000 -18.295467 -17.000000 -8.000000 0.000000 
132 0.660000 -18.295467 -19.000000 -6.000000 0.000000 
133 0.665000 -18.295467 -19.000000 -7.000000 0.000000 
134 0.670000 -18.295467 -17.000000 -9.000000 0.000000 
135 0.675000 -18.295467 -18.000000 -8.000000 0.000000 
136 0.680000 -18.295467 -20.000000 -6.000000 0.000000 
137 0.685000 -18.295467 -19.000000 -6.000000 0.000000 
138 0.690000 -18.295467 -17.000000 -7.000000 0.000000 
139 0.695000 -18.295467 -19.000000 -6.000000 0.000000 
140 0.700000 -18.295467 -20.000000 -7.000000 0.000000 
141 0.705000 -18.295467 -17.000000 -8.000000 0.000000 
142 0.710000 -18.295467 -18.000000 -6.000000 0.000000 
143 0.715000 -18.295467 -20.000000 -6.000000 0.000000 
144 0.720000 -18.295467 -18.000000 -8.000000 0.000000 
145 0.725000 -18.295467 -18.000000 -7.000000 0.000000 
146 0.730000 -18.295467 -19.000000 -7.000000 0.000000 
147 0.735000 -18.295467 -20.000000 -7.000000 0.000000 
148 0.740000 -18.295467 -17.000000 -9.000000 0.000000 
149 0.745000 -18.295467 -18.000000 -8.000000 0.000000 
150 0.750000 -18.295467 -20.000000 -6.000000 0.000000 
151 0.755000 -18.295467 -18.000000 -8.000000 0.000000 
152 0.760000 -18.295467 -18.000000 -7.000000 0.000000 
153 0.765000 -18.295467 -18.000000 -7.000000 0.000000 
154 0.770000 -18.295467 -20.000000 -7.000000 0.000000 
155 0.775000 -18.295467 -18.000000 -8.000000 0.000000 
156 0.780000 -18.295467 -17.000000 -7.000000 0.000000 
157 0.785000 -18.295467 -20.000000 -6.000000 0.000000 
158 0.790000 -18.295467 -19.000000 -8.000000 0.000000 
159 0.795000 -18.295467 -17.000000 -9.000000 0.000000 
160 0.800000 -18.295467 -19.000000 -7.000000 0.000000 
161 0.805000 -18.295467 -19.000000 -6.000000 0.000000 
162 0.810000 -18.295467 -18.000000 -7.000000 0.000000 
163 0.815000 -18.295467 -17.000000 -7.000000 0.000000 
164 0.820000 -18.295467 -20.000000 -6.000000 0.000000 
165 0.825000 -18.295467 -19.000000 -7.000000 0.000000 
166 0.830000 -18.295467 -17.000000 -7.000000 0.000000 
167 0.835000 -18.295467 -18.000000 -6.000000 0.000000 
168 0.840000 -18.295467 -19.000000 -7.000000 0.000000 
169 0.845000 -18.295467 -18.000000 -8.000000 0.000000 
170 0.850000 -18.295467 -17.000000 -8.000000 0.000000 
171 0.855000 -18.295467 -19.000000 -7.000000 0.000000 
172 0.860000 -18.295467 -19.000000 -7.000000 0.000000 
173 0.865000 -18.295467 -17.000000 -8.000000 0.000000 
174 0.870000 -18.295467 -19.000000 -6.000000 0.000000 
175 0.875000 -18.295467 -19.000000 -7.000000 0.000000 
176 0.880000 -18.295467 -18.000000 -9.000000 0.000000 
177 0.885000 -18.295467 -18.000000 -8.000000 0.000000 
178 0.890000 -18.295467 -19.000000 -7.000000 0.000000 
179 0.895000 -18.295467 -19.000000 -8.000000 0.000000 
180 0.900000 -18.295467 -17.000000 -9.000000 0.000000 
181 0.905000 -18.295467 -18.000000 -7.000000 0.000000 
182 0.910000 -18.295467 -20.000000 -7.000000 0.000000 
183 0.915000 -18.295467 -18.000000 -8.000000 0.000000 
184 0.920000 -18.295467 -18.000000 -7.000000 0.000000 
185 0.925000 -18.295467 -20.000000 -6.000000 0.000000 
186 0.930000 -18.295467 -19.000000 -7.000000 0.000000 
187 0.935000 -18.295467 -17.000000 -8.000000 0.000000 
188 0.940000 -18.295467 -17.000000 -7.000000 0.000000 
189 0.945000 -18.295467 -20.000000 -6.000000 0.000000 
190 0.950000 -18.295467 -19.000000 -7.000000 0.000000 
191 0.955000 -18.295467 -17.000000 -8.000000 0.000000 
192 0.960000 -18.295467 -19.000000 -7.000000 0.000000 
193 0.965000 -18.295467 -19.000000 -8.000000 0.000000 
194 0.970000 -18.295467 -18.000000 -7.000000 0.000000 
195 0.975000 -18.295467 -17.000000 -6.000000 0.000000 
196 0.980000 -18.295467 -20.000000 -6.000000 0.000000 
197 0.985000 -18.295467 -18.000000 -8.000000 0.000000 
198 0.990000 -18.295467 -18.000000 -7.000000 0.000000 
199 0.995000 -18.295467 -19.000000 -6.000000 0.000000 
200 1.000000 -18.295467 -19.000000 -7.000000 0.000000 
201 1.005000 -18.295467 -17.000000 -9.000000 0.000000 
202 1.010000 -18.295467 -17.000000 -8.000000 0.000000 
203 1.015000 -18.295467 -20.000000 -6.000000 0.000000 
204 1.020000 -18.295467 -18.000000 -8.000000 0.000000 
205 1.025000 -18.295467 -17.000000 -7.000000 0.000000 
206 1.030000 -18.295467 -18.000000 -7.000000 0.000000 
207 1.035000 -18.295467 -20.000000 -6.000000 0.000000 
208 1.040000 -18.295467 -18.000000 -7.000000 0.000000 
209 1.045000 -18.295467 -17.000000 -7.000000 0.000000 
210 1.050000 -18.295467 -19.000000 -7.000000 0.000000 
211 1.055000 -18.295467 -19.000000 -8.000000 0.000000 
212 1.060000 -18.295467 -17.000000 -7.000000 0.000000 
213 1.065000 -18.295467 -19.000000 -6.000000 0.000000 
214 1.070000 -18.295467 -18.000000 -8.000000 0.000000 
215 1.075000 -18.295467 -18.000000 -9.000000 0.000000 
216 1.080000 -18.295467 -17.000000 -7.000000 0.000000 
217 1.085000 0.000000 -15.000000 0.000000 0.000000 
218 1.090000 0.000000 -16.000000 0.000000 0.000000 
219 1.095000 0.000000 -15.000000 0.000000 0.000000 
220 1.100000 0.000000 -12.000000 0.000000 0.000000 
221 1.105000 0.000000 -12.000000 0.000000 0.000000 
222 1.110000 0.000000 -11.000000 0.000000 0.000000 
223 1.115000 -18.295467 -18.000000 -8.000000 0.000000 
224 1.120000 -18.295467 -17.000000 -8.000000 0.000000 
225 1.125000 -18.295467 -19.000000 -6.000000 0.000000 
226 1.130000 -18.295467 -19.000000 -7.000000 0.000000 
227 1.135000 -18.295467 -17.000000 -9.000000 0.000000 
228 1.140000 -18.295467 -17.000000 -8.000000 0.000000 
229 1.145000 -18.295467 -20.000000 -6.000000 0.000000 
230 1.150000 -18.295467 -18.000000 -8.000000 0.000000 
231 1.155000 -18.295467 -17.000000 -7.000000 0.000000 
232 1.160000 -18.295467 -19.000000 -6.000000 0.000000 
233 1.165000 -18.295467 -20.000000 -6.000000 0.000000 
234 1.170000 -18.295467 -18.000000 -8.000000 0.000000 
235 1.175000 -18.295467 -17.000000 -8.000000 0.000000 
236 1.180000 -18.295467 -19.000000 -7.000000 0.000000 
237 1.185000 -18.295467 -18.000000 -8.000000 0.000000 
238 1.190000 -18.295467 -17.000000 -8.000000 0.000000 
239 1.195000 -18.295467 -19.000000 -7.000000 0.000000 
240 1.200000 -18.295467 -20.000000 -7.000000 0.000000 
241 1.205000 -18.295467 -17.000000 -9.000000 0.000000 
242 1.210000 -18.295467 -17.000000 -7.000000 0.000000 
243 1.215000 -18.295467 -19.000000 -6.000000 0.000000 
244 1.220000 -18.295467 -18.000000 -8.000000 0.000000 
245 1.225000 -18.295467 -17.000000 -8.000000 0.000000 
246 1.230000 -18.295467 -18.000000 -7.000000 0.000000 
247 1.235000 -18.295467 -20.000000 -6.000000 0.000000 
248 1.240000 -18.295467 -18.000000 -8.000000 0.000000 
249 1.245000 -18.295467 -17.000000 -8.000000 0.000000 
250 1.250000 -18.295467 -19.000000 -7.000000 0.000000 
251 1.255000 -18.295467 -19.000000 -8.000000 0.000000 
252 1.260000 -18.295467 -17.000000 -9.000000 0.000000 
253 1.265000 -18.295467 -17.000000 -6.000000 0.000000 
254 1.270000 -18.295467 -19.000000 -6.000000 0.000000 
255 1.275000 -18.295467 -18.000000 -8.000000 0.000000 
256 1.280000 -18.295467 -17.000000 -8.000000 0.000000 
257 1.285000 -18.295467 -19.000000 -6.000000 0.000000 
258 1.290000 -18.295467 -20.000000 -7.000000 0.000000 
259 1.295000 -18.295467 -17.000000 -9.000000 0.000000 
260 1.300000 -18.295467 -17.000000 -8.000000 0.000000 
261 1.305000 -18.295467 -20.000000 -8.000000 0.000000 
262 1.310000 -18.295467 -18.000000 -9.000000 0.000000 
263 1.315000 -18.295467 -17.000000 -8.000000 0.000000 
264 1.320000 -18.295467 -19.000000 -6.000000 0.000000 
265 1.325000 -18.295467 -19.000000 -7.000000 0.000000 
266 1.330000 -18.295467 -18.000000 -8.000000 0.000000 
267 1.335000 -18.295467 -18.000000 -7.000000 0.000000 
268 1.340000 -18.295467 -20.000000 -6.000000 0.000000 
269 1.345000 -18.295467 -18.000000 -8.000000 0.000000 
270 1.350000 -18.295467 -17.000000 -8.000000 0.000000 
271 1.355000 -18.295467 -19.000000 -6.000000 0.000000 
272 1.360000 -18.295467 -19.000000 -7.000000 0.000000 
273 1.365000 -18.295467 -17.000000 -8.000000 0.000000 
274 1.370000 -18.295467 -17.000000 -8.000000 0.000000 
275 1.375000 -18.295467 -19.000000 -7.000000 0.000000 
276 1.380000 -18.295467 -18.000000 -8.000000 0.000000 
277 1.385000 -18.295467 -17.000000 -8.000000 0.000000 
278 1.390000 -18.295467 -18.000000 -7.000000 0.000000 
279 1.395000 -18.295467 -20.000000 -7.000000 0.000000 
280 1.400000 -18.295467 -18.000000 -8.000000 0.000000 
281 1.405000 -18.295467 -18.000000 -7.000000 0.000000 
282 1.410000 -18.295467 -20.000000 -6.000000 0.000000 
283 1.415000 -18.295467 -18.000000 -8.000000 0.000000 
284 1.420000 -18.295467 -17.000000 -9.000000 0.000000 
285 1.425000 -18.295467 -19.000000 -8.000000 0.000000 
286 1.430000 -18.295467 -20.000000 -6.000000 0.000000 
287 1.435000 -18.295467 -18.000000 -6.000000 0.000000 
288 1.440000 -18.295467 -17.000000 -6.000000 0.000000 
289 1.445000 -18.295467 -19.000000 -7.000000 0.000000 
290 1.450000 -18.295467 -18.000000 -9.000000 0.000000 
291 1.455000 -18.295467 -17.000000 -8.000000 0.000000 
292 1.460000 -18.295467 -19.000000 -6.000000 0.000000 
293 1.465000 -18.295467 -19.000000 -8.000000 0.000000 
294 1.470000 -18.295467 -17.000000 -10.000000 0.000000 
295 1.475000 -18.295467 -17.000000 -9.000000 0.000000 
296 1.480000 -18.295467 -19.000000 -7.000000 0.000000 
297 1.485000 -18.295467 -19.000000 -7.000000 0.000000 
298 1.490000 -18.295467 -17.000000 -8.000000 0.000000 
299 1.495000 -18.295467 -18.000000 -6.000000 0.000000 
300 1.500000 -18.295467 -19.000000 -6.000000 0.000000 
301 1.505000 -18.295467 -18.000000 -8.000000 0.000000 
302 1.510000 -18.295467 -18.000000 -7.000000 0.000000 
303 1.515000 -18.295467 -19.000000 -6.000000 0.000000 
304 1.520000 -18.295467 -19.000000 -8.000000 0.000000 
305 1.525000 -18.295467 -17.000000 -9.000000 0.000000 
306 1.530000 -18.295467 -19.000000 -7.000000 0.000000 
307 1.535000 -18.295467 -20.000000 -7.000000 0.000000 
308 1.540000 -18.295467 -18.000000 -7.000000 0.000000 
309 1.545000 -18.295467 -17.000000 -7.000000 0.000000 
310 1.550000 -18.295467 -19.000000 -6.000000 0.000000 
311 1.555000 -18.295467 -19.000000 -8.000000 0.000000 
312 1.560000 -18.295467 -17.000000 -8.000000 0.000000 
313 1.565000 -18.295467 -18.000000 -6.000000 0.000000 
314 1.570000 -18.295467 -20.000000 -6.000000 0.000000 
315 1.575000 -18.295467 -18.000000 -8.000000 0.000000 
316 1.580000 -18.295467 -16.000000 -9.000000 0.000000 
317 1.585000 -18.295467 -19.000000 -8.000000 0.000000 
318 1.590000 -18.295467 -19.000000 -8.000000 0.000000 
319 1.595000 -18.295467 -18.000000 -7.000000 0.000000 
320 1.600000 -18.295467 -17.000000 -6.000000 0.000000 
321 1.605000 -18.295467 -20.000000 -6.000000 0.000000 
322 1.610000 -18.295467 -18.000000 -8.000000 0.000000 
323 1.615000 -18.295467 -17.000000 -8.000000 0.000000 
324 1.620000 -18.295467 -19.000000 -7.000000 0.000000 
325 1.625000 -18.295467 -19.000000 -7.000000 0.000000 
326 1.630000 -18.295467 -17.000000 -8.000000 0.000000 
327 1.635000 -18.295467 -17.000000 -8.000000 0.000000 
328 1.640000 -18.295467 -19.000000 -8.000000 0.000000 
329 1.645000 -18.295467 -19.000000 -8.000000 0.000000 
330 1.650000 -18.295467 -17.000000 -7.000000 0.000000 
331 1.655000 -18.295467 -19.000000 -5.000000 0.000000 
332 1.660000 -18.295467 -19.000000 -6.000000 0.000000 
333 1.665000 -18.295467 -17.000000 -8.000000 0.000000 
334 1.670000 -18.295467 -18.000000 -7.000000 0.000000 
335 1.675000 -18.295467 -19.000000 -7.000000 0.000000 
336 1.680000 -18.295467 -19.000000 -8.000000 0.000000 
337 1.685000 -18.295467 -16.000000 -9.000000 0.000000 
338 1.690000 -18.295467 -18.000000 -7.000000 0.000000 
339 1.695000 -18.295467 -19.000000 -7.000000 0.000000 
340 1.700000 -18.295467 -17.000000 -9.000000 0.000000 
341 1.705000 -18.295467 -17.000000 -7.000000 0.000000 
342 1.710000 -18.295467 -19.000000 -6.000000 0.000000 
343 1.715000 -18.295467 -19.000000 -7.000000 0.000000 
344 1.720000 -18.295467 -17.000000 -7.000000 0.000000 
345 1.725000 -18.295467 -17.000000 -7.000000 0.000000 
346 1.730000 -18.295467 -19.000000 -8.000000 0.000000 
347 1.735000 -18.295467 -18.000000 -9.000000 0.000000 
348 1.740000 -18.295467 -18.000000 -8.000000 0.000000 
349 1.745000 -18.295467 -20.000000 -7.000000 0.000000 
350 1.750000 -18.295467 -19.000000 -8.000000 0.000000 
351 1.755000 -18.295467 -17.000000 -9.000000 0.000000 
352 1.760000 -18.295467 -18.000000 -7.000000 0.000000 
353 1.765000 -18.295467 -20.000000 -6.000000 0.000000 
354 1.770000 -18.295467 -18.000000 -7.000000 0.000000 
355 1.775000 -18.295467 -18.000000 -6.000000 0.000000 
356 1.780000 -18.295467 -19.000000 -6.000000 0.000000 
357 1.785000 -18.295467 -19.000000 -7.000000 0.000000 
358 1.790000 -18.295467 -17.000000 -8.000000 0.000000 
359 1.795000 -18.295467 -18.000000 -7.000000 0.000000 
360 1.800000 -18.295467 -20.000000 -6.000000 0.000000 
361 1.805000 -18.295467 -18.000000 -8.000000 0.000000 
362 1.810000 -18.295467 -17.000000 -8.000000 0.000000 
363 1.815000 -18.295467 -18.000000 -6.000000 0.000000 
364 1.820000 -18.295467 -20.000000 -7.000000 0.000000 
365 1.825000 -18.295467 -17.000000 -8.000000 0.000000 
366 1.830000 -18.295467 -18.000000 -7.000000 0.000000 
367 1.835000 -18.295467 -21.000000 -6.000000 0.000000 
368 1.840000 -18.295467 -18.000000 -8.000000 0.000000 
369 1.845000 -18.295467 -17.000000 -8.000000 0.000000 
370 1.850000 -18.295467 -19.000000 -7.000000 0.000000 
371 1.855000 -18.295467 -18.000000 -8.000000 0.000000 
372 1.860000 -18.295467 -18.000000 -8.000000 0.000000 
373 1.865000 -18.295467 -17.000000 -7.000000 0.000000 
374 1.870000 -18.295467 -20.000000 -5.000000 0.000000 
375 1.875000 -18.295467 -18.000000 -7.000000 0.000000 
376 1.880000 -18.295467 -18.000000 -7.000000 0.000000 
377 1.885000 -18.295467 -19.000000 -6.000000 0.000000 
378 1.890000 -18.295467 -19.000000 -7.000000 0.000000 
379 1.895000 -18.295467 -18.000000 -7.000000 0.000000 
380 1.900000 -18.295467 -17.000000 -7.000000 0.000000 
381 1.905000 -18.295467 -20.000000 -7.000000 0.000000 
382 1.910000 -18.295467 -18.000000 -9.000000 0.000000 
383 1.915000 -18.295467 -18.000000 -8.000000 0.000000 
384 1.920000 -18.295467 -19.000000 -7.000000 0.000000 
385 1.925000 -18.295467 -19.000000 -7.000000 0.000000 
386 1.930000 -18.295467 -17.000000 -9.000000 0.000000 
387 1.935000 -18.295467 -17.000000 -8.000000 0.000000 
388 1.940000 -18.295467 -19.000000 -6.000000 0.000000 
389 1.945000 -18.295467 -18.000000 -8.000000 0.000000 
390 1.950000 -18.295467 -17.000000 -8.000000 0.000000 
391 1.955000 -18.295467 -18.000000 -7.000000 0.000000 
392 1.960000 -18.295467 -20.000000 -7.000000 0.000000 
393 1.965000 -18.295467 -18.000000 -8.000000 0.000000 
394 1.970000 -18.295467 -17.000000 -7.000000 0.000000 
395 1.975000 -18.295467 -19.000000 -6.000000 0.000000 
396 1.980000 -18.295467 -20.000000 -6.000000 0.000000 
397 1.985000 -18.295467 -17.000000 -7.000000 0.000000 
398 1.990000 -18.295467 -18.000000 -6.000000 0.000000 
399 1.995000 -18.295467 -20.000000 -6.000000 0.000000 
400 2.000000 -18.295467 -18.000000 -7.000000 0.000000 
401 2.005000 -18.295467 -17.000000 -7.000000 0.000000 
402 2.010000 -18.295467 -20.000000 -6.000000 0.000000 
403 2.015000 -18.295467 -18.000000 -8.000000 0.000000 
404 2.020000 -18.295467 -18.000000 -8.000000 0.000000 
405 2.025000 -18.295467 -18.000000 -7.000000 0.000000 
406 2.030000 -18.295467 -19.000000 -7.000000 0.000000 
407 2.035000 -18.295467 -19.000000 -7.000000 0.000000 
408 2.040000 -18.295467 -17.000000 -8.000000 0.000000 
409 2.045000 -18.295467 -19.000000 -7.000000 0.000000 
410 2.050000 -18.295467 -20.000000 -7.000000 0.000000 
411 2.055000 -18.295467 -17.000000 -8.000000 0.000000 
412 2.060000 -18.295467 -17.000000 -7.000000 0.000000 
413 2.065000 -18.295467 -20.000000 -6.000000 0.000000 
414 2.070000 -18.295467 -17.000000 -9.000000 0.000000 
415 2.075000 -18.295467 -17.000000 -8.000000 0.000000 
416 2.080000 -18.295467 -19.000000 -7.000000 0.000000 
417 2.085000 -18.295467 -19.000000 -8.000000 0.000000 
418 2.090000 -18.295467 -17.000000 -8.000000 0.000000 
419 2.095000 -18.295467 -17.000000 -7.000000 0.000000 
420 2.100000 -18.295467 -20.000000 -6.000000 0.000000 
421 2.105000 -18.295467 -18.000000 -7.000000 0.000000 
422 2.110000 -18.295467 -17.000000 -7.000000 0.000000 
423 2.115000 -18.295467 -19.000000 -6.000000 0.000000 
424 2.120000 -18.295467 -19.000000 -7.000000 0.000000 
425 2.125000 -18.295467 -17.000000 -9.000000 0.000000 
426 2.130000 -18.295467 -17.000000 -8.000000 0.000000 
427 2.135000 -18.295467 -20.000000 -6.000000 0.000000 
428 2.140000 -18.295467 -19.000000 -7.000000 0.000000 
429 2.145000 -18.295467 -17.000000 -7.000000 0.000000 
430 2.150000 -18.295467 -18.000000 -6.000000 0.000000 
431 2.155000 -18.295467 -19.000000 -7.000000 0.000000 
432 2.160000 -18.295467 -18.000000 -8.000000 0.000000 
433 2.165000 -18.295467 -17.000000 -7.000000 0.000000 
434 2.170000 -18.295467 -20.000000 -6.000000 0.000000 
435 2.175000 -18.295467 -19.000000 -8.000000 0.000000 
436 2.180000 -18.295467 -16.000000 -9.000000 0.000000 
437 2.185000 -18.295467 -18.000000 -7.000000 0.000000 
438 2.190000 -18.295467 -20.000000 -7.000000 0.000000 
439 2.195000 -18.295467 -17.000000 -9.000000 0.000000 
440 2.200000 -18.295467 -17.000000 -7.000000 0.000000 
441 2.205000 -18.295467 -19.000000 -6.000000 0.000000 
442 2.210000 -18.295467 -19.000000 -7.000000 0.000000 
443 2.215000 -18.295467 -17.000000 -8.000000 0.000000 
444 2.220000 -18.295467 -19.000000 -6.000000 0.000000 
445 2.225000 -18.295467 -20.000000 -6.000000 0.000000 
446 2.230000 -18.295467 -17.000000 -9.000000 0.000000 
447 2.235000 -18.295467 -17.000000 -8.000000 0.000000 
448 2.240000 -18.295467 -19.000000 -7.000000 0.000000 
449 2.245000 -18.295467 -19.000000 -8.000000 0.000000 
450 2.250000 -18.295467 -17.000000 -9.000000 0.000000 
451 2.255000 -18.295467 -18.000000 -7.000000 0.000000 
452 2.260000 -18.295467 -20.000000 -6.000000 0.000000 
453 2.265000 -18.295467 -19.000000 -7.000000 0.000000 
454 2.270000 -18.295467 -17.000000 -7.000000 0.000000 
455 2.275000 -18.295467 -19.000000 -6.000000 0.000000 
456 2.280000 -18.295467 -19.000000 -7.000000 0.000000 
457 2.285000 -18.295467 -17.000000 -9.000000 0.000000 
458 2.290000 -18.295467 -17.000000 -8.000000 0.000000 
459 2.295000 -18.295467 -20.000000 -7.000000 0.000000 
460 2.300000 -18.295467 -18.000000 -8.000000 0.000000 
461 2.305000 -18.295467 -17.000000 -8.000000 0.000000 
462 2.310000 -18.295467 -19.000000 -6.000000 0.000000 
463 2.315000 -18.295467 -18.000000 -7.000000 0.000000 
464 2.320000 -18.295467 -18.000000 -7.000000 0.000000 
465 2.325000 -18.295467 -17.000000 -7.000000 0.000000 
466 2.330000 -18.295467 -20.000000 -6.000000 0.000000 
467 2.335000 -18.295467 -18.000000 -8.000000 0.000000 
468 2.340000 -18.295467 -17.000000 -8.000000 0.000000 
469 2.345000 -18.295467 -19.000000 -7.000000 0.000000 
470 2.350000 -18.295467 -20.000000 -7.000000 0.000000 
471 2.355000 -18.295467 -18.000000 -8.000000 0.000000 
472 2.360000 -18.295467 -17.000000 -8.000000 0.000000 
473 2.365000 -18.295467 -19.000000 -7.000000 0.000000 
474 2.370000 -18.295467 -18.000000 -8.000000 0.000000 
475 2.375000 -18.295467 -18.000000 -8.000000 0.000000 
476 2.380000 -18.295467 -18.000000 -7.000000 0.000000 
477 2.385000 -18.295467 -20.000000 -7.000000 0.000000 
478 2.390000 -18.295467 -17.000000 -9.000000 0.000000 
479 2.395000 -18.295467 -17.000000 -8.000000 0.000000 
480 2.400000 -18.295467 -19.000000 -7.000000 0.000000 
481 2.405000 -18.295467 -19.000000 -7.000000 0.000000 
482 2.410000 -18.295467 -17.000000 -8.000000 0.000000 
483 2.415000 -18.295467 -18.000000 -7.000000 0.000000 
484 2.420000 -18.295467 -20.000000 -6.000000 0.000000 
485 2.425000 -18.295467 -18.000000 -7.000000 0.000000 
486 2.430000 -18.295467 -17.000000 -7.000000 0.000000 
487 2.435000 -18.295467 -19.000000 -5.000000 0.000000 
488 2.440000 -18.295467 -21.000000 -5.000000 0.000000 
489 2.445000 -18.295467 -17.000000 -7.000000 0.000000 
490 2.450000 -18.295467 -19.000000 -6.000000 0.000000 
491 2.455000 -18.295467 -19.000000 -7.000000 0.000000 
492 2.460000 -18.295467 -18.000000 -9.000000 0.000000 
493 2.465000 -18.295467 -17.000000 -9.000000 0.000000 
494 2.470000 -18.295467 -20.000000 -7.000000 0.000000 
495 2.475000 -18.295467 -19.000000 -7.000000 0.000000 
496 2.480000 -18.295467 -17.000000 -8.000000 0.000000 
497 2.485000 -18.295467 -18.000000 -7.000000 0.000000 
498 2.490000 -18.295467 -20.000000 -7.000000 0.000000 
499 2.495000 -18.295467 -18.000000 -8.000000 0.000000 
500 2.500000 -18.295467 -17.000000 -7.000000 0.000000 
501 2.505000 -18.295467 -19.000000 -6.000000 0.000000 
502 2.510000 -18.295467 -19.000000 -7.000000 0.000000 
503 2.515000 -18.295467 -16.000000 -9.000000 0.000000 
504 2.520000 -18.295467 -17.000000 -9.000000 0.000000 
505 2.525000 -18.295467 -20.000000 -8.000000 0.000000 
506 2.530000 -18.295467 -19.000000 -7.000000 0.000000 
507 2.535000 -18.295467 -17.000000 -7.000000 0.000000 
508 2.540000 -18.295467 -18.000000 -6.000000 0.000000 
509 2.545000 -18.295467 -19.000000 -7.000000 0.000000 
510 2.550000 -18.295467 -17.000000 -8.000000 0.000000 
511 2.555000 -18.295467 -17.000000 -8.000000 0.000000 
512 2.560000 -18.295467 -19.000000 -7.000000 0.000000 
513 2.565000 -18.295467 -18.000000 -8.000000 0.000000 
514 2.570000 -18.295467 -18.000000 -7.000000 0.000000 
515 2.575000 -18.295467 -18.000000 -7.000000 0.000000 
516 2.580000 -18.295467 -20.000000 -8.000000 0.000000 
517 2.585000 -18.295467 -18.000000 -8.000000 0.000000 
518 2.590000 -18.295467 -17.000000 -7.000000 0.000000 
519 2.595000 -18.295467 -20.000000 -6.000000 0.000000 
520 2.600000 -18.295467 -19.000000 -7.000000 0.000000 
521 2.605000 -18.295467 -17.000000 -8.000000 0.000000 
522 2.610000 -18.295467 -18.000000 -7.000000 0.000000 
523 2.615000 -18.295467 -20.000000 -7.000000 0.000000 
524 2.620000 -18.295467 -18.000000 -8.000000 0.000000 
525 2.625000 -18.295467 -17.000000 -8.000000 0.000000 
526 2.630000 -18.295467 -19.000000 -7.000000 0.000000 
527 2.635000 -18.295467 -19.000000 -8.000000 0.000000 
528 2.640000 -18.295467 -17.000000 -9.000000 0.000000 
529 2.645000 -18.295467 -19.000000 -7.000000 0.000000 
530 2.650000 -18.295467 -19.000000 -7.000000 0.000000 
531 2.655000 -18.295467 -18.000000 -8.000000 0.000000 
532 2.660000 -18.295467 -17.000000 -7.000000 0.000000 
533 2.665000 -18.295467 -20.000000 -6.000000 0.000000 
534 2.670000 -18.295467 -19.000000 -8.000000 0.000000 
535 2.675000 -18.295467 -17.000000 -9.000000 0.000000 
536 2.680000 -18.295467 -18.000000 -7.000000 0.000000 
537 2.685000 -18.295467 -20.000000 -6.000000 0.000000 
538 2.690000 -18.295467 -18.000000 -8.000000 0.000000 
539 2.695000 -18.295467 -17.000000 -8.000000 0.000000 
540 2.700000 -18.295467 -19.000000 -6.000000 0.000000 
541 2.705000 -18.295467 -20.000000 -6.000000 0.000000 
542 2.710000 -18.295467 -17.000000 -8.000000 0.000000 
543 2.715000 -18.295467 -17.000000 -7.000000 0.000000 
544 2.720000 -18.295467 -20.000000 -6.000000 0.000000 
545 2.725000 -18.295467 -18.000000 -8.000000 0.000000 
546 2.730000 -18.295467 -17.000000 -8.000000 0.000000 
547 2.735000 -18.295467 -18.000000 -7.000000 0.000000 
548 2.740000 -18.295467 -19.000000 -8.000000 0.000000 
549 2.745000 -18.295467 -17.000000 -9.000000 0.000000 
550 2.750000 -18.295467 -18.000000 -7.000000 0.000000 
551 2.755000 -18.295467 -20.000000 -6.000000 0.000000 
552 2.760000 -18.295467 -18.000000 -8.000000 0.000000 
553 2.765000 -18.295467 -18.000000 -7.000000 0.000000 
554 2.770000 -18.295467 -19.000000 -6.000000 0.000000 
555 2.775000 -18.295467 -19.000000 -7.000000 0.000000 
556 2.780000 -18.295467 -17.000000 -8.000000 0.000000 
557 2.785000 -18.295467 -18.000000 -7.000000 0.000000 
558 2.790000 -18.295467 -20.000000 -7.000000 0.000000 
559 2.795000 -18.295467 -18.000000 -9.000000 0.000000 
560 2.800000 -18.295467 -17.000000 -9.000000 0.000000 
561 2.805000 -18.295467 -18.000000 -9.000000 0.000000 
562 2.810000 -18.295467 -19.000000 -8.000000 0.000000 
563 2.815000 -18.295467 -18.000000 -8.000000 0.000000 
564 2.820000 -18.295467 -17.000000 -8.000000 0.000000 
565 2.825000 -18.295467 -19.000000 -7.000000 0.000000 
566 2.830000 -18.295467 -18.000000 -8.000000 0.000000 
567 2.835000 -18.295467 -17.000000 -8.000000 0.000000 
568 2.840000 -18.295467 -18.000000 -7.000000 0.000000 
569 2.845000 -18.295467 -20.000000 -7.000000 0.000000 
570 2.850000 -18.295467 -18.000000 -8.000000 0.000000 
571 2.855000 -18.295467 -17.000000 -8.000000 0.000000 
572 2.860000 -18.295467 -19.000000 -7.000000 0.000000 
573 2.865000 -18.295467 -18.000000 -7.000000 0.000000 
574 2.870000 -18.295467 -17.000000 -7.000000 0.000000 
575 2.875000 -18.295467 -19.000000 -6.000000 0.000000 
576 2.880000 -18.295467 -20.000000 -6.000000 0.000000 
577 2.885000 -18.295467 -18.000000 -7.000000 0.000000 
578 2.890000 -18.295467 -17.000000 -7.000000 0.000000 
579 2.895000 -18.295467 -20.000000 -5.000000 0.000000 
580 2.900000 -18.295467 -18.000000 -8.000000 0.000000 
581 2.905000 -18.295467 -17.000000 -9.000000 0.000000 
582 2.910000 -18.295467 -19.000000 -8.000000 0.000000 
583 2.915000 -18.295467 -20.000000 -7.000000 0.000000 
584 2.920000 -18.295467 -18.000000 -8.000000 0.000000 
585 2.925000 -18.295467 -17.000000 -7.000000 0.000000 
586 2.930000 -18.295467 -20.000000 -6.000000 0.000000 
587 2.935000 -18.295467 -20.000000 -7.000000 0.000000 
588 2.940000 -18.295467 -17.000000 -9.000000 0.000000 
589 2.945000 -18.295467 -18.000000 -7.000000 0.000000 
590 2.950000 -18.295467 -20.000000 -6.000000 0.000000 
591 2.955000 -18.295467 -19.000000 -8.000000 0.000000 
592 2.960000 -18.295467 -17.000000 -8.000000 0.000000 
593 2.965000 -18.295467 -19.000000 -7.000000 0.000000 
594 2.970000 -18.295467 -19.000000 -8.000000 0.000000 
595 2.975000 -18.295467 -16.000000 -8.000000 0.000000 
596 2.980000 -18.295467 -18.000000 -6.000000 0.000000 
597 2.985000 -18.295467 -19.000000 -6.000000 0.000000 
598 2.990000 -18.295467 -18.000000 -8.000000 0.000000 
599 2.995000 -18.295467 -17.000000 -8.000000 0.000000 
600 3.000000 -18.295467 -19.000000 -6.000000 0.000000 
601 3.005000 -18.295467 -20.000000 -6.000000 0.000000 
602 3.010000 -18.295467 -18.000000 -7.000000 0.000000 
603 3.015000 -18.295467 -18.000000 -7.000000 0.000000 
604 3.020000 -18.295467 -20.000000 -7.000000 0.000000 
605 3.025000 -18.295467 -19.000000 -8.000000 0.000000 
606 3.030000 -18.295467 -18.000000 -7.000000 0.000000 
607 3.035000 -18.295467 -18.000000 -5.000000 0.000000 
608 3.040000 -18.295467 -19.000000 -6.000000 0.000000 
609 3.045000 -18.295467 -17.000000 -9.000000 0.000000 
610 3.050000 -18.295467 -17.000000 -9.000000 0.000000 
611 3.055000 -18.295467 -20.000000 -6.000000 0.000000 
612 3.060000 -18.295467 -19.000000 -7.000000 0.000000 
613 3.065000 -18.295467 -17.000000 -8.000000 0.000000 
614 3.070000 -18.295467 -17.000000 -8.000000 0.000000 
615 3.075000 -18.295467 -19.000000 -8.000000 0.000000 
616 3.080000 -18.295467 -17.000000 -10.000000 0.000000 
617 3.085000 -18.295467 -17.000000 -8.000000 0.000000 
618 3.090000 -18.295467 -20.000000 -6.000000 0.000000 
619 3.095000 -18.295467 -18.000000 -8.000000 0.000000 
620 3.100000 -18.295467 -17.000000 -9.000000 0.000000 
621 3.105000 -18.295467 -19.000000 -7.000000 0.000000 
622 3.110000 -18.295467 -20.000000 -7.000000 0.000000 
623 3.115000 -18.295467 -18.000000 -8.000000 0.000000 
624 3.120000 -18.295467 -17.000000 -7.000000 0.000000 
625 3.125000 -18.295467 -20.000000 -7.000000 0.000000 
626 3.130000 -18.295467 -19.000000 -9.000000 0.000000 
627 3.135000 -18.295467 -18.000000 -8.000000 0.000000 
628 3.140000 -18.295467 -18.000000 -6.000000 0.000000 
629 3.145000 -18.295467 -20.000000 -5.000000 0.000000 
630 3.150000 -18.295467 -18.000000 -7.000000 0.000000 
631 3.155000 -18.295467 -17.000000 -7.000000 0.000000 
632 3.160000 -18.295467 -19.000000 -6.000000 0.000000 
633 3.165000 -18.295467 -19.000000 -7.000000 0.000000 
634 3.170000 -18.295467 -17.000000 -8.000000 0.000000 
635 3.175000 -18.295467 -17.000000 -7.000000 0.000000 
636 3.180000 -18.295467 -20.000000 -6.000000 0.000000 
637 3.185000 -18.295467 -18.000000 -8.000000 0.000000 
638 3.190000 -18.295467 -17.000000 -8.000000 0.000000 
639 3.195000 -18.295467 -19.000000 -7.000000 0.000000 
640 3.200000 -18.295467 -19.000000 -7.000000 0.000000 
641 3.205000 -18.295467 -18.000000 -7.000000 0.000000 
642 3.210000 -18.295467 -18.000000 -6.000000 0.000000 
643 3.215000 -18.295467 -20.000000 -7.000000 0.000000 
644 3.220000 -18.295467 -18.000000 -9.000000 0.000000 
645 3.225000 -18.295467 -17.000000 -9.000000 0.000000 
646 3.230000 -18.295467 -19.000000 -7.000000 0.000000 
647 3.235000 -18.295467 -19.000000 -8.000000 0.000000 
648 3.240000 -18.295467 -17.000000 -9.000000 0.000000 
649 3.245000 -18.295467 -17.000000 -9.000000 0.000000 
650 3.250000 -18.295467 -19.000000 -7.000000 0.000000 
651 3.255000 -18.295467 -18.000000 -8.000000 0.000000 
652 3.260000 -18.295467 -17.000000 -8.000000 0.000000 
653 3.265000 -18.295467 -19.000000 -6.000000 0.000000 
654 3.270000 -18.295467 -20.000000 -6.000000 0.000000 
655 3.275000 -18.295467 -17.000000 -8.000000 0.000000 
656 3.280000 -18.295467 -17.000000 -7.000000 0.000000 
657 3.285000 -18.295467 -19.000000 -6.000000 0.000000 
658 3.290000 -18.295467 -19.000000 -7.000000 0.000000 
659 3.295000 -18.295467 -17.000000 -8.000000 0.000000 
660 3.300000 -18.295467 -20.000000 -6.000000 0.000000 
661 3.305000 -18.295467 -19.000000 -6.000000 0.000000 
662 3.310000 -18.295467 -18.000000 -7.000000 0.000000 
663 3.315000 -18.295467 -18.000000 -7.000000 0.000000 
664 3.320000 -18.295467 -20.000000 -6.000000 0.000000 
665 3.325000 -18.295467 -18.000000 -8.000000 0.000000 
666 3.330000 -18.295467 -17.000000 -8.000000 0.000000 
667 3.335000 -18.295467 -19.000000 -7.000000 0.000000 
668 3.340000 -18.295467 -20.000000 -7.000000 0.000000 
669 3.345000 -18.295467 -17.000000 -9.000000 0.000000 
670 3.350000 -18.295467 -17.000000 -8.000000 0.000000 
671 3.355000 -18.295467 -20.000000 -7.000000 0.000000 
672 3.360000 -18.295467 -18.000000 -8.000000 0.000000 
673 3.365000 -18.295467 -17.000000 -8.000000 0.000000 
674 3.370000 -18.295467 -18.000000 -7.000000 0.000000 
675 3.375000 -18.295467 -19.000000 -7.000000 0.000000 
676 3.380000 -18.295467 -19.000000 -8.000000 0.000000 
677 3.385000 -18.295467 -17.000000 -8.000000 0.000000 
678 3.390000 -18.295467 -19.000000 -7.000000 0.000000 
679 3.395000 -18.295467 -19.000000 -7.000000 0.000000 
680 3.400000 -18.295467 -17.000000 -8.000000 0.000000 
681 3.405000 -18.295467 -18.000000 -7.000000 0.000000 
682 3.410000 -18.295467 -20.000000 -7.000000 0.000000 
683 3.415000 -18.295467 -18.000000 -7.000000 0.000000 
684 3.420000 -18.295467 -17.000000 -7.000000 0.000000 
685 3.425000 -18.295467 -19.000000 -7.000000 0.000000 
686 3.430000 -18.295467 -20.000000 -7.000000 0.000000 
687 3.435000 -18.295467 -17.000000 -8.000000 0.000000 
688 3.440000 -18.295467 -18.000000 -6.000000 0.000000 
689 3.445000 -18.295467 -20.000000 -6.000000 0.000000 
690 3.450000 -18.295467 -18.000000 -8.000000 0.000000 
691 3.455000 -18.295467 -17.000000 -8.000000 0.000000 
692 3.460000 -18.295467 -19.000000 -7.000000 0.000000 
693 3.465000 -18.295467 -19.000000 -7.000000 0.000000 
694 3.470000 -18.295467 -17.000000 -8.000000 0.000000 
695 3.475000 -18.295467 -17.000000 -7.000000 0.000000 
696 3.480000 -18.295467 -20.000000 -6.000000 0.000000 
697 3.485000 -18.295467 -18.000000 -8.000000 0.000000 
698 3.490000 -18.295467 -16.000000 -8.000000 0.000000 
699 3.495000 -18.295467 -18.000000 -7.000000 0.000000 
700 3.500000 -18.295467 -19.000000 -8.000000 0.000000 
701 3.505000 -18.295467 -18.000000 -9.000000 0.000000 
702 3.510000 -18.295467 -17.000000 -8.000000 0.000000 
703 3.515000 -18.295467 -20.000000 -7.000000 0.000000 
704 3.520000 -18.295467 -19.000000 -8.000000 0.000000 
705 3.525000 -18.295467 -17.000000 -8.000000 0.000000 
706 3.530000 -18.295467 -19.000000 -6.000000 0.000000 
707 3.535000 -18.295467 -20.000000 -7.000000 0.000000 
708 3.540000 -18.295467 -18.000000 -8.000000 0.000000 
709 3.545000 -18.295467 -18.000000 -7.000000 0.000000 
710 3.550000 -18.295467 -19.000000 -6.000000 0.000000 
711 3.555000 -18.295467 -18.000000 -7.000000 0.000000 
712 3.560000 -18.295467 -17.000000 -8.000000 0.000000 
713 3.565000 -18.295467 -19.000000 -7.000000 0.000000 
714 3.570000 -18.295467 -20.000000 -7.000000 0.000000 
715 3.575000 -18.295467 -18.000000 -7.000000 0.000000 
716 3.580000 -18.295467 -17.000000 -6.000000 0.000000 
717 3.585000 -18.295467 -19.000000 -6.000000 0.000000 
718 3.590000 -18.295467 -19.000000 -8.000000 0.000000 
719 3.595000 -18.295467 -17.000000 -8.000000 0.000000 
720 3.600000 -18.295467 -19.000000 -6.000000 0.000000 
721 3.605000 -18.295467 -19.000000 -6.000000 0.000000 
722 3.610000 -18.295467 -18.000000 -8.000000 0.000000 
723 3.615000 -18.295467 -17.000000 -9.000000 0.000000 
724 3.620000 -18.295467 -20.000000 -7.000000 0.000000 
725 3.625000 -18.295467 -20.000000 -7.000000 0.000000 
726 3.630000 -18.295467 -17.000000 -8.000000 0.000000 
727 3.635000 -18.295467 -18.000000 -7.000000 0.000000 
728 3.640000 -18.295467 -19.000000 -7.000000 0.000000 
729 3.645000 -18.295467 -18.000000 -8.000000 0.000000 
730 3.650000 -18.295467 -18.000000 -8.000000 0.000000 
731 3.655000 -18.295467 -19.000000 -7.000000 0.000000 
732 3.660000 -18.295467 -20.000000 -7.000000 0.000000 
733 3.665000 -18.295467 -17.000000 -8.000000 0.000000 
734 3.670000 -18.295467 -18.000000 -7.000000 0.000000 
735 3.675000 -18.295467 -19.000000 -7.000000 0.000000 
736 3.680000 -18.295467 -18.000000 -8.000000 0.000000 
737 3.685000 -18.295467 -17.000000 -8.000000 0.000000 
738 3.690000 -18.295467 -20.000000 -5.000000 0.000000 
739 3.695000 -18.295467 -19.000000 -7.000000 0.000000 
740 3.700000 -18.295467 -16.000000 -9.000000 0.000000 
741 3.705000 -18.295467 -18.000000 -7.000000 0.000000 
742 3.710000 -18.295467 -20.000000 -6.000000 0.000000 
743 3.715000 -18.295467 -19.000000 -7.000000 0.000000 
744 3.720000 -18.295467 -17.000000 -7.000000 0.000000 
745 3.725000 -18.295467 -18.000000 -7.000000 0.000000 
746 3.730000 -18.295467 -19.000000 -7.000000 0.000000 
747 3.735000 -18.295467 -18.000000 -8.000000 0.000000 
748 3.740000 -18.295467 -18.000000 -7.000000 0.000000 
749 3.745000 -18.295467 -20.000000 -5.000000 0.000000 
750 3.750000 -18.295467 -19.000000 -7.000000 0.000000 
751 3.755000 -18.295467 -18.000000 -7.000000 0.000000 
752 3.760000 -18.295467 -19.000000 -6.000000 0.000000 
753 3.765000 -18.295467 -20.000000 -7.000000 0.000000 
754 3.770000 -18.295467 -17.000000 -8.000000 0.000000 
755 3.775000 -18.295467 -17.000000 -7.000000 0.000000 
756 3.780000 -18.295467 -20.000000 -6.000000 0.000000 
757 3.785000 -18.295467 -19.000000 -8.000000 0.000000 
758 3.790000 -18.295467 -17.000000 -9.000000 0.000000 
759 3.795000 -18.295467 -19.000000 -7.000000 0.000000 
760 3.800000 -18.295467 -19.000000 -7.000000 0.000000 
761 3.805000 -18.295467 -17.000000 -8.000000 0.000000 
762 3.810000 -18.295467 -17.000000 -8.000000 0.000000 
763 3.815000 -18.295467 -19.000000 -7.000000 0.000000 
764 3.820000 -18.295467 -19.000000 -8.000000 0.000000 
765 3.825000 -18.295467 -17.000000 -8.000000 0.000000 
766 3.830000 -18.295467 -19.000000 -7.000000 0.000000 
767 3.835000 -18.295467 -20.000000 -6.000000 0.000000 
768 3.840000 -18.295467 -18.000000 -7.000000 0.000000 
769 3.845000 -18.295467 -16.000000 -7.000000 0.000000 
770 3.850000 -18.295467 -19.000000 -7.000000 0.000000 
771 3.855000 -18.295467 -19.000000 -8.000000 0.000000 
772 3.860000 -18.295467 -17.000000 -8.000000 0.000000 
773 3.865000 -18.295467 -18.000000 -6.000000 0.000000 
774 3.870000 -18.295467 -20.000000 -5.000000 0.000000 
775 3.875000 -18.295467 -18.000000 -7.000000 0.000000 
776 3.880000 -18.295467 -16.000000 -8.000000 0.000000 
777 3.885000 -18.295467 -19.000000 -7.000000 0.000000 
778 3.890000 -18.295467 -20.000000 -7.000000 0.000000 
779 3.895000 -18.295467 -18.000000 -7.000000 0.000000 
780 3.900000 -18.295467 -18.000000 -6.000000 0.000000 
781 3.905000 -18.295467 -20.000000 -6.000000 0.000000 
782 3.910000 -18.295467 -18.000000 -8.000000 0.000000 
783 3.915000 -18.295467 -17.000000 -8.000000 0.000000 
784 3.920000 -18.295467 -19.000000 -5.000000 0.000000 
785 3.925000 -18.295467 -19.000000 -7.000000 0.000000 
786 3.930000 -18.295467 -17.000000 -8.000000 0.000000 
787 3.935000 -18.295467 -17.000000 -8.000000 0.000000 
788 3.940000 -18.295467 -20.000000 -7.000000 0.000000 
789 3.945000 -18.295467 -19.000000 -8.000000 0.000000 
790 3.950000 -18.295467 -17.000000 -8.000000 0.000000 
791 3.955000 -18.295467 -18.000000 -8.000000 0.000000 
792 3.960000 -18.295467 -19.000000 -9.000000 0.000000 
793 3.965000 -18.295467 -18.000000 -9.000000 0.000000 
794 3.970000 -18.295467 -18.000000 -7.000000 0.000000 
795 3.975000 -18.295467 -19.000000 -6.000000 0.000000 
796 3.980000 -18.295467 -19.000000 -7.000000 0.000000 
797 3.985000 -18.295467 -17.000000 -8.000000 0.000000 
798 3.990000 -18.295467 -19.000000 -7.000000 0.000000 
799 3.995000 -18.295467 -20.000000 -7.000000 0.000000 
800 4.000000 -18.295467 -18.000000 -7.000000 0.000000 
801 4.005000 -18.295467 -17.000000 -6.000000 0.000000 
802 4.010000 -18.295467 -19.000000 -6.000000 0.000000 
803 4.015000 -18.295467 -18.000000 -8.000000 0.000000 
804 4.020000 -18.295467 -17.000000 -8.000000 0.000000 
805 4.025000 -18.295467 -19.000000 -6.000000 0.000000 
806 4.030000 -18.295467 -20.000000 -6.000000 0.000000 
807 4.035000 -18.295467 -17.000000 -8.000000 0.000000 
808 4.040000 -18.295467 -17.000000 -9.000000 0.000000 
809 4.045000 -18.295467 -20.000000 -7.000000 0.000000 
810 4.050000 -18.295467 -20.000000 -7.000000 0.000000 
811 4.055000 -18.295467 -17.000000 -8.000000 0.000000 
812 4.060000 -18.295467 -18.000000 -7.000000 0.000000 
813 4.065000 -18.295467 -20.000000 -8.000000 0.000000 
814 4.070000 -18.295467 -18.000000 -10.000000 0.000000 
815 4.075000 -18.295467 -17.000000 -8.000000 0.000000 
816 4.080000 -18.295467 -19.000000 -6.000000 0.000000 
817 4.085000 -18.295467 -19.000000 -8.000000 0.000000 
818 4.090000 -18.295467 -17.000000 -9.000000 0.000000 
819 4.095000 -18.295467 -19.000000 -7.000000 0.000000 
820 4.100000 -18.295467 -19.000000 -6.000000 0.000000 
821 4.105000 -18.295467 -17.000000 -8.000000 0.000000 
822 4.110000 -18.295467 -17.000000 -8.000000 0.000000 
823 4.115000 -18.295467 -19.000000 -7.000000 0.000000 
824 4.120000 -18.295467 -19.000000 -8.000000 0.000000 
825 4.125000 -18.295467 -17.000000 -8.000000 0.000000 
826 4.130000 -18.295467 -18.000000 -7.000000 0.000000 
827 4.135000 -18.295467 -19.000000 -8.000000 0.000000 
828 4.140000 -18.295467 -17.000000 -8.000000 0.000000 
829 4.145000 -18.295467 -17.000000 -7.000000 0.000000 
830 4.150000 -18.295467 -19.000000 -7.000000 0.000000 
831 4.155000 -18.295467 -19.000000 -7.000000 0.000000 
832 4.160000 -18.295467 -18.000000 -8.000000 0.000000 
833 4.165000 -18.295467 -18.000000 -8.000000 0.000000 
834 4.170000 -18.295467 -20.000000 -6.000000 0.000000 
835 4.175000 -18.295467 -19.000000 -7.000000 0.000000 
836 4.180000 -18.295467 -17.000000 -8.000000 0.000000 
837 4.185000 -18.295467 -18.000000 -6.000000 0.000000 
838 4.190000 -18.295467 -20.000000 -6.000000 0.000000 
839 4.195000 -18.295467 -17.000000 -7.000000 0.000000 
840 4.200000 -18.295467 -17.000000 -7.000000 0.000000 
841 4.205000 -18.295467 -19.000000 -7.000000 0.000000 
842 4.210000 -18.295467 -19.000000 -8.000000 0.000000 
843 4.215000 -18.295467 -18.000000 -8.000000 0.000000 
844 4.220000 -18.295467 -19.000000 -7.000000 0.000000 
845 4.225000 -18.295467 -20.000000 -7.000000 0.000000 
846 4.230000 -18.295467 -17.000000 -9.000000 0.000000 
847 4.235000 -18.295467 -17.000000 -8.000000 0.000000 
848 4.240000 -18.295467 -20.000000 -6.000000 0.000000 
849 4.245000 -18.295467 -19.000000 -7.000000 0.000000 
850 4.250000 -18.295467 -18.000000 -7.000000 0.000000 
851 4.255000 -18.295467 -18.000000 -7.000000 0.000000 
852 4.260000 -18.295467 -20.000000 -7.000000 0.000000 
853 4.265000 -18.295467 -18.000000 -8.000000 0.000000 
854 4.270000 -18.295467 -17.000000 -7.000000 0.000000 
855 4.275000 -18.295467 -20.000000 -6.000000 0.000000 
856 4.280000 -18.295467 -19.000000 -7.000000 0.000000 
857 4.285000 -18.295467 -17.000000 -8.000000 0.000000 
858 4.290000 -18.295467 -18.000000 -7.000000 0.000000 
859 4.295000 -18.295467 -20.000000 -6.000000 0.000000 
860 4.300000 -18.295467 -18.000000 -8.000000 0.000000 
861 4.305000 -18.295467 -17.000000 -7.000000 0.000000 
862 4.310000 -18.295467 -19.000000 -6.000000 0.000000 
863 4.315000 -18.295467 -18.000000 -8.000000 0.000000 
864 4.320000 -18.295467 -17.000000 -8.000000 0.000000 
865 4.325000 -18.295467 -19.000000 -6.000000 0.000000 
866 4.330000 -18.295467 -20.000000 -6.000000 0.000000 
867 4.335000 -18.295467 -17.000000 -9.000000 0.000000 
868 4.340000 -18.295467 -17.000000 -8.000000 0.000000 
869 4.345000 -18.295467 -19.000000 -6.000000 0.000000 
870 4.350000 -18.295467 -19.000000 -6.000000 0.000000 
871 4.355000 -18.295467 -17.000000 -8.000000 0.000000 
872 4.360000 -18.295467 -18.000000 -7.000000 0.000000 
873 4.365000 -18.295467 -20.000000 -6.000000 0.000000 
874 4.370000 -18.295467 -18.000000 -8.000000 0.000000 
875 4.375000 -18.295467 -17.000000 -8.000000 0.000000 
876 4.380000 -18.295467 -18.000000 -8.000000 0.000000 
877 4.385000 -18.295467 -19.000000 -8.000000 0.000000 
878 4.390000 -18.295467 -18.000000 -8.000000 0.000000 
879 4.395000 -18.295467 -17.000000 -7.000000 0.000000 
880 4.400000 -18.295467 -19.000000 -7.000000 0.000000 
881 4.405000 -18.295467 -19.000000 -8.000000 0.000000 
882 4.410000 -18.295467 -17.000000 -8.000000 0.000000 
883 4.415000 -18.295467 -19.000000 -6.000000 0.000000 
884 4.420000 -18.295467 -20.000000 -6.000000 0.000000 
885 4.425000 -18.295467 -18.000000 -8.000000 0.000000 
886 4.430000 -18.295467 -17.000000 -8.000000 0.000000 
887 4.435000 -18.295467 -20.000000 -7.000000 0.000000 
888 4.440000 -18.295467 -19.000000 -7.000000 0.000000 
889 4.445000 -18.295467 -17.000000 -8.000000 0.000000 
890 4.450000 -18.295467 -19.000000 -6.000000 0.000000 
891 4.455000 -18.295467 -20.000000 -6.000000 0.000000 
892 4.460000 -18.295467 -18.000000 -7.000000 0.000000 
893 4.465000 -18.295467 -18.000000 -6.000000 0.000000 
894 4.470000 -18.295467 -19.000000 -6.000000 0.000000 
895 4.475000 -18.295467 -19.000000 -7.000000 0.000000 
896 4.480000 -18.295467 -18.000000 -7.000000 0.000000 
897 4.485000 -18.295467 -19.000000 -6.000000 0.000000 
898 4.490000 -18.295467 -19.000000 -7.000000 0.000000 
899 4.495000 -18.295467 -18.000000 -8.000000 0.000000 
900 4.500000 -18.295467 -17.000000 -8.000000 0.000000 
901 4.505000 -18.295467 -19.000000 -8.000000 0.000000 
902 4.510000 -18.295467 -19.000000 -8.000000 0.000000 
903 4.515000 -18.295467 -18.000000 -8.000000 0.000000 
904 4.520000 -18.295467 -18.000000 -6.000000 0.000000 
905 4.525000 -18.295467 -20.000000 -6.000000 0.000000 
906 4.530000 -18.295467 -18.000000 -8.000000 0.000000 
907 4.535000 -18.295467 -17.000000 -8.000000 0.000000 
908 4.540000 -18.295467 -19.000000 -7.000000 0.000000 
909 4.545000 -18.295467 -19.000000 -7.000000 0.000000 
910 4.550000 -18.295467 -16.000000 -8.000000 0.000000 
911 4.555000 -18.295467 -18.000000 -7.000000 0.000000 
912 4.560000 -18.295467 -20.000000 -7.000000 0.000000 
913 4.565000 -18.295467 -18.000000 -8.000000 0.000000 
914 4.570000 -18.295467 -17.000000 -7.000000 0.000000 
915 4.575000 -18.295467 -19.000000 -6.000000 0.000000 
916 4.580000 -18.295467 -19.000000 -7.000000 0.000000 
917 4.585000 -18.295467 -16.000000 -9.000000 0.000000 
918 4.590000 -18.295467 -19.000000 -7.000000 0.000000 
919 4.595000 -18.295467 -20.000000 -7.000000 0.000000 
920 4.600000 -18.295467 -17.000000 -9.000000 0.000000 
921 4.605000 -18.295467 -17.000000 -8.000000 0.000000 
922 4.610000 -18.295467 -18.000000 -7.000000 0.000000 
923 4.615000 -18.295467 -20.000000 -6.000000 0.000000 
924 4.620000 -18.295467 -18.000000 -8.000000 0.000000 
925 4.625000 -18.295467 -17.000000 -8.000000 0.000000 
926 4.630000 -18.295467 -20.000000 -6.000000 0.000000 
927 4.635000 -18.295467 -19.000000 -7.000000 0.000000 
928 4.640000 -18.295467 -17.000000 -6.000000 0.000000 
929 4.645000 -18.295467 -19.000000 -5.000000 0.000000 
930 4.650000 -18.295467 -19.000000 -7.000000 0.000000 
931 4.655000 -18.295467 -17.000000 -9.000000 0.000000 
932 4.660000 -18.295467 -18.000000 -7.000000 0.000000 
933 4.665000 -18.295467 -20.000000 -6.000000 0.000000 
934 4.670000 -18.295467 -18.000000 -8.000000 0.000000 
935 4.675000 -18.295467 -16.000000 -9.000000 0.000000 
936 4.680000 -18.295467 -18.000000 -8.000000 0.000000 
937 4.685000 -18.295467 -20.000000 -7.000000 0.000000 
938 4.690000 -18.295467 -18.000000 -7.000000 0.000000 
939 4.695000 -18.295467 -18.000000 -6.000000 0.000000 
940 4.700000 -18.295467 -19.000000 -7.000000 0.000000 
941 4.705000 -18.295467 -18.000000 -9.000000 0.000000 
942 4.710000 -18.295467 -17.000000 -9.000000 0.000000 
943 4.715000 -18.295467 -19.000000 -6.000000 0.000000 
944 4.720000 -18.295467 -20.000000 -6.000000 0.000000 
945 4.725000 -18.295467 -17.000000 -8.000000 0.000000 
946 4.730000 -18.295467 -17.000000 -8.000000 0.000000 
947 4.735000 -18.295467 -20.000000 -6.000000 0.000000 
948 4.740000 -18.295467 -20.000000 -6.000000 0.000000 
949 4.745000 -18.295467 -18.000000 -6.000000 0.000000 
950 4.750000 -18.295467 -18.000000 -6.000000 0.000000 
951 4.755000 -18.295467 -20.000000 -6.000000 0.000000 
952 4.760000 -18.295467 -18.000000 -7.000000 0.000000 
953 4.765000 -18.295467 -17.000000 -8.000000 0.000000 
954 4.770000 -18.295467 -19.000000 -7.000000 0.000000 
955 4.775000 -18.295467 -19.000000 -7.000000 0.000000 
956 4.780000 -18.295467 -18.000000 -7.000000 0.000000 
957 4.785000 -18.295467 -18.000000 -7.000000 0.000000 
958 4.790000 -18.295467 -19.000000 -8.000000 0.000000 
959 4.795000 -18.295467 -18.000000 -8.000000 0.000000 
960 4.800000 -18.295467 -17.000000 -8.000000 0.000000 
961 4.805000 -18.295467 -20.000000 -6.000000 0.000000 
962 4.810000 -18.295467 -20.000000 -6.000000 0.000000 
963 4.815000 -18.295467 -17.000000 -8.000000 0.000000 
964 4.820000 -18.295467 -18.000000 -8.000000 0.000000 
965 4.825000 -18.295467 -20.000000 -7.000000 0.000000 
966 4.830000 -18.295467 -19.000000 -8.000000 0.000000 
967 4.835000 -18.295467 -17.000000 -8.000000 0.000000 
968 4.840000 -18.295467 -19.000000 -7.000000 0.000000 
969 4.845000 -18.295467 -20.000000 -7.000000 0.000000 
970 4.850000 -18.295467 -17.000000 -8.000000 0.000000 
971 4.855000 -18.295467 -17.000000 -8.000000 0.000000 
972 4.860000 -18.295467 -20.000000 -6.000000 0.000000 
973 4.865000 -18.295467 -19.000000 -7.000000 0.000000 
974 4.870000 -18.295467 -18.000000 -7.000000 0.000000 
975 4.875000 -18.295467 -19.000000 -6.000000 0.000000 
976 4.880000 -18.295467 -19.000000 -7.000000 0.000000 
977 4.885000 -18.295467 -17.000000 -8.000000 0.000000 
978 4.890000 -18.295467 -17.000000 -8.000000 0.000000 
979 4.895000 -18.295467 -20.000000 -6.000000 0.000000 
980 4.900000 -18.295467 -19.000000 -7.000000 0.000000 
981 4.905000 -18.295467 -17.000000 -7.000000 0.000000 
982 4.910000 -18.295467 -19.000000 -6.000000 0.000000 
983 4.915000 -18.295467 -19.000000 -7.000000 0.000000 
984 4.920000 -18.295467 -17.000000 -8.000000 0.000000 
985 4.925000 -18.295467 -17.000000 -7.000000 0.000000 
986 4.930000 -18.295467 -20.000000 -6.000000 0.000000 
987 4.935000 -18.295467 -19.000000 -8.000000 0.000000 
988 4.940000 -18.295467 -17.000000 -9.000000 0.000000 
989 4.945000 -18.295467 -18.000000 -8.000000 0.000000 
990 4.950000 -18.295467 -20.000000 -7.000000 0.000000 
991 4.955000 -18.295467 -17.000000 -9.000000 0.000000 
992 4.960000 -18.295467 -17.000000 -7.000000 0.000000 
993 4.965000 -18.295467 -20.000000 -6.000000 0.000000 
994 4.970000 -18.295467 -19.000000 -8.000000 0.000000 
995 4.975000 -18.295467 -18.000000 -8.000000 0.000000 
996 4.980000 -18.295467 -18.000000 -6.000000 0.000000 
997 4.985000 -18.295467 -19.000000 -6.000000 0.000000 
998 4.990000 -18.295467 -17.000000 -9.000000 0.000000 
999 4.995000 -18.295467 -17.000000 -9.000000 0.000000 
1000 5.000000 -18.295467 -19.000000 -7.000000 0.000000 
1001 5.005000 -18.295467 -18.000000 -8.000000 0.000000 
1002 5.010000 -18.295467 -17.000000 -8.000000 0.000000 
1003 5.015000 -18.295467 -18.000000 -5.000000 0.000000 
1004 5.020000 -18.295467 -20.000000 -5.000000 0.000000 
1005 5.025000 -18.295467 -18.000000 -8.000000 0.000000 
1006 5.030000 -18.295467 -18.000000 -8.000000 0.000000 
1007 5.035000 -18.295467 -19.000000 -7.000000 0.000000 
1008 5.040000 -18.295467 -19.000000 -7.000000 0.000000 
1009 5.045000 -18.295467 -17.000000 -8.000000 0.000000 
1010 5.050000 -18.295467 -18.000000 -7.000000 0.000000 
1011 5.055000 -18.295467 -19.000000 -7.000000 0.000000 
1012 5.060000 -18.295467 -18.000000 -9.000000 0.000000 
1013 5.065000 -18.295467 -17.000000 -9.000000 0.000000 
1014 5.070000 -18.295467 -19.000000 -6.000000 0.000000 
1015 5.075000 -18.295467 -19.000000 -7.000000 0.000000 
1016 5.080000 -18.295467 -17.000000 -8.000000 0.000000 
1017 5.085000 -18.295467 -17.000000 -7.000000 0.000000 
1018 5.090000 -18.295467 -20.000000 -6.000000 0.000000 
1019 5.095000 -18.295467 -18.000000 -8.000000 0.000000 
1020 5.100000 -18.295467 -17.000000 -9.000000 0.000000 
1021 5.105000 -18.295467 -19.000000 -7.000000 0.000000 
1022 5.110000 -18.295467 -19.000000 -7.000000 0.000000 
1023 5.115000 -18.295467 -17.000000 -8.000000 0.000000 
1024 5.120000 -18.295467 -17.000000 -8.000000 0.000000 
1025 5.125000 -18.295467 -19.000000 -7.000000 0.000000 
1026 5.130000 -18.295467 -18.000000 -8.000000 0.000000 
1027 5.135000 -18.295467 -17.000000 -8.000000 0.000000 
1028 5.140000 -18.295467 -19.000000 -6.000000 0.000000 
1029 5.145000 -18.295467 -19.000000 -7.000000 0.000000 
1030 5.150000 -18.295467 -17.000000 -8.000000 0.000000 
1031 5.155000 -18.295467 -17.000000 -8.000000 0.000000 
1032 5.160000 -18.295467 -20.000000 -7.000000 0.000000 
1033 5.165000 -18.295467 -18.000000 -8.000000 0.000000 
1034 5.170000 -18.295467 -17.000000 -8.000000 0.000000 
1035 5.175000 -18.295467 -19.000000 -6.000000 0.000000 
1036 5.180000 -18.295467 -20.000000 -5.000000 0.000000 
1037 5.185000 -18.295467 -17.000000 -8.000000 0.000000 
1038 5.190000 -18.295467 -18.000000 -7.000000 0.000000 
1039 5.195000 -18.295467 -20.000000 -6.000000 0.000000 
1040 5.200000 -18.295467 -19.000000 -7.000000 0.000000 
1041 5.205000 -18.295467 -18.000000 -7.000000 0.000000 
1042 5.210000 -18.295467 -18.000000 -7.000000 0.000000 
1043 5.215000 -18.295467 -19.000000 -8.000000 0.000000 
1044 5.220000 -18.295467 -17.000000 -10.000000 0.000000 
1045 5.225000 -18.295467 -17.000000 -9.000000 0.000000 
1046 5.230000 -18.295467 -20.000000 -7.000000 0.000000 
1047 5.235000 -18.295467 -19.000000 -6.000000 0.000000 
1048 5.240000 -18.295467 -16.000000 -7.000000 0.000000 
1049 5.245000 -18.295467 -18.000000 -7.000000 0.000000 
1050 5.250000 -18.295467 -19.000000 -8.000000 0.000000 
1051 5.255000 -18.295467 -18.000000 -8.000000 0.000000 
1052 5.260000 -18.295467 -17.000000 -8.000000 0.000000 
1053 5.265000 -18.295467 -19.000000 -7.000000 0.000000 
1054 5.270000 -18.295467 -19.000000 -8.000000 0.000000 
1055 5.275000 -18.295467 -17.000000 -9.000000 0.000000 
1056 5.280000 -18.295467 -19.000000 -7.000000 0.000000 
1057 5.285000 -18.295467 -19.000000 -7.000000 0.000000 
1058 5.290000 -18.295467 -18.000000 -7.000000 0.000000 
1059 5.295000 -18.295467 -17.000000 -7.000000 0.000000 
1060 5.300000 -18.295467 -18.000000 -6.000000 0.000000 
1061 5.305000 -18.295467 -20.000000 -7.000000 0.000000 
1062 5.310000 -18.295467 -17.000000 -9.000000 0.000000 
1063 5.315000 -18.295467 -18.000000 -7.000000 0.000000 
1064 5.320000 -18.295467 -20.000000 -6.000000 0.000000 
1065 5.325000 -18.295467 -18.000000 -8.000000 0.000000 
1066 5.330000 -18.295467 -18.000000 -8.000000 0.000000 
1067 5.335000 -18.295467 -19.000000 -7.000000 0.000000 
1068 5.340000 -18.295467 -20.000000 -7.000000 0.000000 
1069 5.345000 -18.295467 -17.000000 -8.000000 0.000000 
1070 5.350000 -18.295467 -17.000000 -7.000000 0.000000 
1071 5.355000 -18.295467 -20.000000 -6.000000 0.000000 
1072 5.360000 -18.295467 -18.000000 -8.000000 0.000000 
1073 5.365000 -18.295467 -18.000000 -8.000000 0.000000 
1074 5.370000 -18.295467 -18.000000 -7.000000 0.000000 
1075 5.375000 -18.295467 -19.000000 -7.000000 0.000000 
1076 5.380000 -18.295467 -17.000000 -9.000000 0.000000 
1077 5.385000 -18.295467 -17.000000 -8.000000 0.000000 
1078 5.390000 -18.295467 -19.000000 -7.000000 0.000000 
1079 5.395000 -18.295467 -19.000000 -9.000000 0.000000 
1080 5.400000 -18.295467 -18.000000 -8.000000 0.000000 
1081 5.405000 -18.295467 -18.000000 -7.000000 0.000000 
1082 5.410000 -18.295467 -20.000000 -7.000000 0.000000 
1083 5.415000 -18.295467 -18.000000 -8.000000 0.000000 
1084 5.420000 -18.295467 -17.000000 -8.000000 0.000000 
1085 5.425000 -18.295467 -19.000000 -7.000000 0.000000 
1086 5.430000 -18.295467 -19.000000 -8.000000 0.000000 
1087 5.435000 -18.295467 -17.000000 -9.000000 0.000000 
1088 5.440000 -18.295467 -18.000000 -7.000000 0.000000 
1089 5.445000 -18.295467 -20.000000 -7.000000 0.000000 
1090 5.450000 -18.295467 -17.000000 -9.000000 0.000000 
1091 5.455000 -18.295467 -18.000000 -6.000000 0.000000 
1092 5.460000 -18.295467 -20.000000 -5.000000 0.000000 
1093 5.465000 -18.295467 -18.000000 -7.000000 0.000000 
1094 5.470000 -18.295467 -17.000000 -7.000000 0.000000 
1095 5.475000 -18.295467 -18.000000 -7.000000 0.000000 
1096 5.480000 -18.295467 -19.000000 -7.000000 0.000000 
1097 5.485000 -18.295467 -18.000000 -8.000000 0.000000 
1098 5.490000 -18.295467 -17.000000 -8.000000 0.000000 
1099 5.495000 -18.295467 -19.000000 -8.000000 0.000000 
1100 5.500000 -18.295467 -20.000000 -8.000000 0.000000 
1101 5.505000 -18.295467 -18.000000 -8.000000 0.000000 
1102 5.510000 -18.295467 -18.000000 -7.000000 0.000000 
1103 5.515000 -18.295467 -19.000000 -7.000000 0.000000 
1104 5.520000 -18.295467 -18.000000 -8.000000 0.000000 
1105 5.525000 -18.295467 -17.000000 -8.000000 0.000000 
1106 5.530000 -18.295467 -19.000000 -6.000000 0.000000 
1107 5.535000 -18.295467 -20.000000 -6.000000 0.000000 
1108 5.540000 -18.295467 -17.000000 -8.000000 0.000000 
1109 5.545000 -18.295467 -18.000000 -8.000000 0.000000 
1110 5.550000 -18.295467 -20.000000 -7.000000 0.000000 
1111 5.555000 -18.295467 -18.000000 -8.000000 0.000000 
1112 5.560000 -18.295467 -16.000000 -8.000000 0.000000 
1113 5.565000 -18.295467 -19.000000 -6.000000 0.000000 
1114 5.570000 -18.295467 -19.000000 -7.000000 0.000000 
1115 5.575000 -18.295467 -17.000000 -8.000000 0.000000 
1116 5.580000 -18.295467 -17.000000 -6.000000 0.000000 
1117 5.585000 -18.295467 -19.000000 -7.000000 0.000000 
1118 5.590000 -18.295467 -19.000000 -8.000000 0.000000 
1119 5.595000 -18.295467 -17.000000 -8.000000 0.000000 
1120 5.600000 -18.295467 -20.000000 -6.000000 0.000000 
1121 5.605000 -18.295467 -19.000000 -7.000000 0.000000 
1122 5.610000 -18.295467 -18.000000 -8.000000 0.000000 
1123 5.615000 -18.295467 -17.000000 -8.000000 0.000000 
1124 5.620000 -18.295467 -20.000000 -6.000000 0.000000 
1125 5.625000 -18.295467 -19.000000 -7.000000 0.000000 
1126 5.630000 -18.295467 -17.000000 -7.000000 0.000000 
1127 5.635000 -18.295467 -18.000000 -6.000000 0.000000 
1128 5.640000 -18.295467 -20.000000 -6.000000 0.000000 
1129 5.645000 -18.295467 -16.000000 -9.000000 0.000000 
1130 5.650000 -18.295467 -17.000000 -8.000000 0.000000 
1131 5.655000 -18.295467 -20.000000 -7.000000 0.000000 
1132 5.660000 -18.295467 -19.000000 -8.000000 0.000000 
1133 5.665000 -18.295467 -17.000000 -8.000000 0.000000 
1134 5.670000 -18.295467 -19.000000 -7.000000 0.000000 
1135 5.675000 -18.295467 -20.000000 -7.000000 0.000000 
1136 5.680000 -18.295467 -17.000000 -8.000000 0.000000 
1137 5.685000 -18.295467 -18.000000 -6.000000 0.000000 
1138 5.690000 -18.295467 -19.000000 -6.000000 0.000000 
1139 5.695000 -18.295467 -20.000000 -7.000000 0.000000 
1140 5.700000 -18.295467 -17.000000 -8.000000 0.000000 
1141 5.705000 -18.295467 -19.000000 -7.000000 0.000000 
1142 5.710000 -18.295467 -19.000000 -8.000000 0.000000 
1143 5.715000 -18.295467 -18.000000 -8.000000 0.000000 
1144 5.720000 -18.295467 -17.000000 -8.000000 0.000000 
1145 5.725000 -18.295467 -19.000000 -7.000000 0.000000 
1146 5.730000 -18.295467 -19.000000 -6.000000 0.000000 
1147 5.735000 -18.295467 -17.000000 -8.000000 0.000000 
1148 5.740000 -18.295467 -18.000000 -7.000000 0.000000 
1149 5.745000 -18.295467 -20.000000 -5.000000 0.000000 
1150 5.750000 -18.295467 -18.000000 -7.000000 0.000000 
1151 5.755000 -18.295467 -17.000000 -7.000000 0.000000 
1152 5.760000 -18.295467 -20.000000 -6.000000 0.000000 
1153 5.765000 -18.295467 -19.000000 -8.000000 0.000000 
1154 5.770000 -18.295467 -17.000000 -9.000000 0.000000 
1155 5.775000 -18.295467 -18.000000 -8.000000 0.000000 
1156 5.780000 -18.295467 -19.000000 -7.000000 0.000000 
1157 5.785000 -18.295467 -19.000000 -7.000000 0.000000 
1158 5.790000 -18.295467 -17.000000 -8.000000 0.000000 
1159 5.795000 -18.295467 -19.000000 -6.000000 0.000000 
1160 5.800000 -18.295467 -19.000000 -7.000000 0.000000 
1161 5.805000 -18.295467 -18.000000 -7.000000 0.000000 
1162 5.810000 -18.295467 -18.000000 -7.000000 0.000000 
1163 5.815000 -18.295467 -19.000000 -7.000000 0.000000 
1164 5.820000 -18.295467 -19.000000 -8.000000 0.000000 
1165 5.825000 -18.295467 -17.000000 -8.000000 0.000000 
1166 5.830000 -18.295467 -19.000000 -6.000000 0.000000 
1167 5.835000 -18.295467 -19.000000 -7.000000 0.000000 
1168 5.840000 -18.295467 -18.000000 -8.000000 0.000000 
1169 5.845000 -18.295467 -18.000000 -7.000000 0.000000 
1170 5.850000 -18.295467 -19.000000 -6.000000 0.000000 
1171 5.855000 -18.295467 -19.000000 -7.000000 0.000000 
1172 5.860000 -18.295467 -17.000000 -8.000000 0.000000 
1173 5.865000 -18.295467 -18.000000 -7.000000 0.000000 
1174 5.870000 -18.295467 -20.000000 -7.000000 0.000000 
1175 5.875000 -18.295467 -18.000000 -8.000000 0.000000 
1176 5.880000 -18.295467 -17.000000 -8.000000 0.000000 
1177 5.885000 -18.295467 -19.000000 -7.000000 0.000000 
1178 5.890000 -18.295467 -19.000000 -8.000000 0.000000 
1179 5.895000 -18.295467 -17.000000 -7.000000 0.000000 
1180 5.900000 -18.295467 -18.000000 -6.000000 0.000000 
1181 5.905000 -18.295467 -20.000000 -6.000000 0.000000 
1182 5.910000 -18.295467 -17.000000 -8.000000 0.000000 
1183 5.915000 -18.295467 -17.000000 -7.000000 0.000000 
1184 5.920000 -18.295467 -18.000000 -7.000000 0.000000 
1185 5.925000 -18.295467 -19.000000 -8.000000 0.000000 
1186 5.930000 -18.295467 -18.000000 -8.000000 0.000000 
1187 5.935000 -18.295467 -18.000000 -7.000000 0.000000 
1188 5.940000 -18.295467 -20.000000 -7.000000 0.000000 
1189 5.945000 -18.295467 -18.000000 -9.000000 0.000000 
1190 5.950000 -18.295467 -17.000000 -8.000000 0.000000 
1191 5.955000 -18.295467 -19.000000 -6.000000 0.000000 
1192 5.960000 -18.295467 -20.000000 -6.000000 0.000000 
1193 5.965000 -18.295467 -17.000000 -7.000000 0.000000 
1194 5.970000 -18.295467 -18.000000 -7.000000 0.000000 
1195 5.975000 -18.295467 -20.000000 -7.000000 0.000000 
1196 5.980000 -18.295467 -18.000000 -8.000000 0.000000 
1197 5.985000 -18.295467 -17.000000 -8.000000 0.000000 
1198 5.990000 -18.295467 -19.000000 -7.000000 0.000000 
1199 5.995000 -18.295467 -19.000000 -8.000000 0.000000 
1200 6.000000 -18.295467 -17.000000 -8.000000 0.000000 
1201 6.005000 -18.295467 -18.000000 -6.000000 0.000000 
1202 6.010000 -18.295467 -19.000000 -6.000000 0.000000 
1203 6.015000 -18.295467 -18.000000 -8.000000 0.000000 
1204 6.020000 -18.295467 -17.000000 -7.000000 0.000000 
1205 6.025000 -18.295467 -19.000000 -5.000000 0.000000 
1206 6.030000 -18.295467 -20.000000 -6.000000 0.000000 
1207 6.035000 -18.295467 -17.000000 -8.000000 0.000000 
1208 6.040000 -18.295467 -18.000000 -7.000000 0.000000 
1209 6.045000 -18.295467 -19.000000 -7.000000 0.000000 
1210 6.050000 -18.295467 -18.000000 -9.000000 0.000000 
1211 6.055000 -18.295467 -17.000000 -8.000000 0.000000 
1212 6.060000 -18.295467 -19.000000 -5.000000 0.000000 
1213 6.065000 -18.295467 -20.000000 -6.000000 0.000000 
1214 6.070000 -18.295467 -18.000000 -8.000000 0.000000 
1215 6.075000 -18.295467 -17.000000 -8.000000 0.000000 
1216 6.080000 -18.295467 -20.000000 -6.000000 0.000000 
1217 6.085000 -18.295467 -19.000000 -7.000000 0.000000 
1218 6.090000 -18.295467 -17.000000 -8.000000 0.000000 
1219 6.095000 -18.295467 -18.000000 -7.000000 0.000000 
1220 6.100000 -18.295467 -20.000000 -7.000000 0.000000 
1221 6.105000 -18.295467 -17.000000 -9.000000 0.000000 
1222 6.110000 -18.295467 -17.000000 -8.000000 0.000000 
1223 6.115000 -18.295467 -20.000000 -6.000000 0.000000 
1224 6.120000 -18.295467 -19.000000 -7.000000 0.000000 
1225 6.125000 -18.295467 -18.000000 -7.000000 0.000000 
1226 6.130000 -18.295467 -18.000000 -7.000000 0.000000 
1227 6.135000 -18.295467 -19.000000 -7.000000 0.000000 
1228 6.140000 -18.295467 -18.000000 -7.000000 0.000000 
1229 6.145000 -18.295467 -18.000000 -7.000000 0.000000 
1230 6.150000 -18.295467 -20.000000 -6.000000 0.000000 
1231 6.155000 -18.295467 -18.000000 -8.000000 0.000000 
1232 6.160000 -18.295467 -17.000000 -9.000000 0.000000 
1233 6.165000 -18.295467 -19.000000 -6.000000 0.000000 
1234 6.170000 -18.295467 -20.000000 -6.000000 0.000000 
1235 6.175000 -18.295467 -18.000000 -6.000000 0.000000 
1236 6.180000 -18.295467 -17.000000 -7.000000 0.000000 
1237 6.185000 -18.295467 -19.000000 -6.000000 0.000000 
1238 6.190000 -18.295467 -19.000000 -7.000000 0.000000 
1239 6.195000 -18.295467 -17.000000 -8.000000 0.000000 
1240 6.200000 -18.295467 -18.000000 -6.000000 0.000000 
1241 6.205000 -18.295467 -20.000000 -6.000000 0.000000 
1242 6.210000 -18.295467 -17.000000 -9.000000 0.000000 
1243 6.215000 -18.295467 -17.000000 -9.000000 0.000000 
1244 6.220000 -18.295467 -20.000000 -7.000000 0.000000 
1245 6.225000 -18.295467 -19.000000 -8.000000 0.000000 
1246 6.230000 -18.295467 -18.000000 -7.000000 0.000000 
1247 6.235000 -18.295467 -18.000000 -7.000000 0.000000 
1248 6.240000 -18.295467 -19.000000 -7.000000 0.000000 
1249 6.245000 -18.295467 -19.000000 -7.000000 0.000000 
1250 6.250000 -18.295467 -17.000000 -7.000000 0.000000 
1251 6.255000 -18.295467 -19.000000 -6.000000 0.000000 
1252 6.260000 -18.295467 -19.000000 -8.000000 0.000000 
1253 6.265000 -18.295467 -18.000000 -8.000000 0.000000 
1254 6.270000 -18.295467 -17.000000 -8.000000 0.000000 
1255 6.275000 -18.295467 -20.000000 -7.000000 0.000000 
1256 6.280000 -18.295467 -18.000000 -9.000000 0.000000 
1257 6.285000 -18.295467 -17.000000 -8.000000 0.000000 
1258 6.290000 -18.295467 -19.000000 -6.000000 0.000000 
1259 6.295000 -18.295467 -20.000000 -6.000000 0.000000 
1260 6.300000 -18.295467 -17.000000 -8.000000 0.000000 
1261 6.305000 -18.295467 -16.000000 -8.000000 0.000000 
1262 6.310000 -18.295467 -20.000000 -7.000000 0.000000 
1263 6.315000 -18.295467 -19.000000 -8.000000 0.000000 
1264 6.320000 -18.295467 -17.000000 -8.000000 0.000000 
1265 6.325000 -18.295467 -19.000000 -6.000000 0.000000 
1266 6.330000 -18.295467 -19.000000 -7.000000 0.000000 
1267 6.335000 -18.295467 -17.000000 -9.000000 0.000000 
1268 6.340000 -18.295467 -17.000000 -7.000000 0.000000 
1269 6.345000 -18.295467 -19.000000 -6.000000 0.000000 
1270 6.350000 -18.295467 -18.000000 -7.000000 0.000000 
1271 6.355000 -18.295467 -17.000000 -8.000000 0.000000 
1272 6.360000 -18.295467 -19.000000 -7.000000 0.000000 
1273 6.365000 -18.295467 -20.000000 -7.000000 0.000000 
1274 6.370000 -18.295467 -18.000000 -7.000000 0.000000 
1275 6.375000 -18.295467 -17.000000 -7.000000 0.000000 
1276 6.380000 -18.295467 -19.000000 -7.000000 0.000000 
1277 6.385000 -18.295467 -18.000000 -9.000000 0.000000 
1278 6.390000 -18.295467 -17.000000 -9.000000 0.000000 
1279 6.395000 -18.295467 -18.000000 -7.000000 0.000000 
1280 6.400000 -18.295467 -19.000000 -7.000000 0.000000 
1281 6.405000 -18.295467 -18.000000 -8.000000 0.000000 
1282 6.410000 -18.295467 -17.000000 -8.000000 0.000000 
1283 6.415000 -18.295467 -19.000000 -7.000000 0.000000 
1284 6.420000 -18.295467 -19.000000 -7.000000 0.000000 
1285 6.425000 -18.295467 -17.000000 -8.000000 0.000000 
1286 6.430000 -18.295467 -18.000000 -7.000000 0.000000 
1287 6.435000 -18.295467 -19.000000 -8.000000 0.000000 
1288 6.440000 -18.295467 -18.000000 -9.000000 0.000000 
1289 6.445000 -18.295467 -17.000000 -8.000000 0.000000 
1290 6.450000 -18.295467 -20.000000 -5.000000 0.000000 
1291 6.455000 -18.295467 -19.000000 -6.000000 0.000000 
1292 6.460000 -18.295467 -16.000000 -8.000000 0.000000 
1293 6.465000 -18.295467 -18.000000 -6.000000 0.000000 
1294 6.470000 -18.295467 -20.000000 -6.000000 0.000000 
1295 6.475000 -18.295467 -18.000000 -8.000000 0.000000 
1296 6.480000 -18.295467 -17.000000 -8.000000 0.000000 
1297 6.485000 -18.295467 -20.000000 -6.000000 0.000000 
1298 6.490000 -18.295467 -20.000000 -7.000000 0.000000 
1299 6.495000 -18.295467 -16.000000 -9.000000 0.000000 
1300 6.500000 -18.295467 -18.000000 -7.000000 0.000000 
1301 6.505000 -18.295467 -20.000000 -6.000000 0.000000 
1302 6.510000 -18.295467 -19.000000 -7.000000 0.000000 
1303 6.515000 -18.295467 -18.000000 -7.000000 0.000000 
1304 6.520000 -18.295467 -19.000000 -6.000000 0.000000 
1305 6.525000 -18.295467 -20.000000 -7.000000 0.000000 
1306 6.530000 -18.295467 -17.000000 -9.000000 0.000000 
1307 6.535000 -18.295467 -18.000000 -7.000000 0.000000 
1308 6.540000 -18.295467 -19.000000 -7.000000 0.000000 
1309 6.545000 -18.295467 -19.000000 -8.000000 0.000000 
1310 6.550000 -18.295467 -18.000000 -8.000000 0.000000 
1311 6.555000 -18.295467 -19.000000 -8.000000 0.000000 
1312 6.560000 -18.295467 -20.000000 -7.000000 0.000000 
1313 6.565000 -18.295467 -17.000000 -8.000000 0.000000 
1314 6.570000 -18.295467 -17.000000 -7.000000 0.000000 
1315 6.575000 -18.295467 -19.000000 -7.000000 0.000000 
1316 6.580000 -18.295467 -18.000000 -8.000000 0.000000 
1317 6.585000 -18.295467 -17.000000 -7.000000 0.000000 
1318 6.590000 -18.295467 -19.000000 -5.000000 0.000000 
1319 6.595000 -18.295467 -20.000000 -6.000000 0.000000 
1320 6.600000 -18.295467 -18.000000 -8.000000 0.000000 
1321 6.605000 -18.295467 -17.000000 -8.000000 0.000000 
1322 6.610000 -18.295467 -20.000000 -7.000000 0.000000 
1323 6.615000 -18.295467 -19.000000 -7.000000 0.000000 
1324 6.620000 -18.295467 -17.000000 -8.000000 0.000000 
1325 6.625000 -18.295467 -18.000000 -7.000000 0.000000 
1326 6.630000 -18.295467 -20.000000 -6.000000 0.000000 
1327 6.635000 -18.295467 -18.000000 -8.000000 0.000000 
1328 6.640000 -18.295467 -17.000000 -7.000000 0.000000 
1329 6.645000 -18.295467 -19.000000 -6.000000 0.000000 
1330 6.650000 -18.295467 -19.000000 -8.000000 0.000000 
1331 6.655000 -18.295467 -17.000000 -9.000000 0.000000 
1332 6.660000 -18.295467 -18.000000 -7.000000 0.000000 
1333 6.665000 -18.295467 -20.000000 -7.000000 0.000000 
1334 6.670000 -18.295467 -19.000000 -7.000000 0.000000 
1335 6.675000 -18.295467 -17.000000 -7.000000 0.000000 
1336 6.680000 -18.295467 -19.000000 -6.000000 0.000000 
1337 6.685000 -18.295467 -19.000000 -7.000000 0.000000 
1338 6.690000 -18.295467 -17.000000 -8.000000 0.000000 
1339 6.695000 -18.295467 -18.000000 -7.000000 0.000000 
1340 6.700000 -18.295467 -19.000000 -7.000000 0.000000 
1341 6.705000 -18.295467 -18.000000 -8.000000 0.000000 
1342 6.710000 -18.295467 -18.000000 -8.000000 0.000000 
1343 6.715000 -18.295467 -20.000000 -7.000000 0.000000 
1344 6.720000 -18.295467 -20.000000 -8.000000 0.000000 
1345 6.725000 -18.295467 -17.000000 -8.000000 0.000000 
1346 6.730000 -18.295467 -17.000000 -7.000000 0.000000 
1347 6.735000 -18.295467 -20.000000 -6.000000 0.000000 
1348 6.740000 -18.295467 -18.000000 -8.000000 0.000000 
1349 6.745000 -18.295467 -17.000000 -8.000000 0.000000 
1350 6.750000 -18.295467 -18.000000 -7.000000 0.000000 
1351 6.755000 -18.295467 -19.000000 -7.000000 0.000000 
1352 6.760000 -18.295467 -18.000000 -8.000000 0.000000 
1353 6.765000 -18.295467 -17.000000 -8.000000 0.000000 
1354 6.770000 -18.295467 -20.000000 -6.000000 0.000000 
1355 6.775000 -18.295467 -19.000000 -8.000000 0.000000 
1356 6.780000 -18.295467 -17.000000 -7.000000 0.000000 
1357 6.785000 -18.295467 -19.000000 -6.000000 0.000000 
1358 6.790000 -18.295467 -19.000000 -6.000000 0.000000 
1359 6.795000 -18.295467 -17.000000 -8.000000 0.000000 
1360 6.800000 -18.295467 -18.000000 -7.000000 0.000000 
1361 6.805000 -18.295467 -19.000000 -6.000000 0.000000 
1362 6.810000 -18.295467 -19.000000 -7.000000 0.000000 
1363 6.815000 -18.295467 -18.000000 -8.000000 0.000000 
1364 6.820000 -18.295467 -20.000000 -7.000000 0.000000 
1365 6.825000 -18.295467 -19.000000 -8.000000 0.000000 
1366 6.830000 -18.295467 -17.000000 -9.000000 0.000000 
1367 6.835000 -18.295467 -17.000000 -8.000000 0.000000 
1368 6.840000 -18.295467 -19.000000 -7.000000 0.000000 
1369 6.845000 -18.295467 -18.000000 -8.000000 0.000000 
1370 6.850000 -18.295467 -17.000000 -8.000000 0.000000 
1371 6.855000 -18.295467 -19.000000 -6.000000 0.000000 
1372 6.860000 -18.295467 -18.000000 -8.000000 0.000000 
1373 6.865000 -18.295467 -18.000000 -9.000000 0.000000 
1374 6.870000 -18.295467 -17.000000 -8.000000 0.000000 
1375 6.875000 -18.295467 -20.000000 -6.000000 0.000000 
1376 6.880000 -18.295467 -19.000000 -7.000000 0.000000 
1377 6.885000 -18.295467 -17.000000 -8.000000 0.000000 
1378 6.890000 -18.295467 -18.000000 -6.000000 0.000000 
1379 6.895000 -18.295467 -19.000000 -7.000000 0.000000 
1380 6.900000 -18.295467 -18.000000 -8.000000 0.000000 
1381 6.905000 -18.295467 -17.000000 -7.000000 0.000000 
1382 6.910000 -18.295467 -19.000000 -6.000000 0.000000 
1383 6.915000 -18.295467 -19.000000 -7.000000 0.000000 
1384 6.920000 -18.295467 -18.000000 -7.000000 0.000000 
1385 6.925000 -18.295467 -18.000000 -7.000000 0.000000 
1386 6.930000 -18.295467 -20.000000 -7.000000 0.000000 
1387 6.935000 -18.295467 -18.000000 -8.000000 0.000000 
1388 6.940000 -18.295467 -17.000000 -8.000000 0.000000 
1389 6.945000 -18.295467 -19.000000 -6.000000 0.000000 
1390 6.950000 -18.295467 -19.000000 -7.000000 0.000000 
1391 6.955000 -18.295467 -17.000000 -8.000000 0.000000 
1392 6.960000 -18.295467 -18.000000 -7.000000 0.000000 
1393 6.965000 -18.295467 -20.000000 -6.000000 0.000000 
1394 6.970000 -18.295467 -18.000000 -8.000000 0.000000 
1395 6.975000 -18.295467 -17.000000 -8.000000 0.000000 
1396 6.980000 -18.295467 -19.000000 -7.000000 0.000000 
1397 6.985000 -18.295467 -19.000000 -8.000000 0.000000 
1398 6.990000 -18.295467 -17.000000 -9.000000 0.000000 
1399 6.995000 -18.295467 -17.000000 -8.000000 0.000000 
1400 7.000000 -18.295467 -19.000000 -7.000000 0.000000 
1401 7.005000 -18.295467 -18.000000 -8.000000 0.000000 
1402 7.010000 -18.295467 -17.000000 -8.000000 0.000000 
1403 7.015000 -18.295467 -19.000000 -5.000000 0.000000 
1404 7.020000 -18.295467 -20.000000 -6.000000 0.000000 
1405 7.025000 -18.295467 -17.000000 -8.000000 0.000000 
1406 7.030000 -18.295467 -17.000000 -8.000000 0.000000 
1407 7.035000 -18.295467 -20.000000 -7.000000 0.000000 
1408 7.040000 -18.295467 -19.000000 -8.000000 0.000000 
1409 7.045000 -18.295467 -17.000000 -8.000000 0.000000 
1410 7.050000 -18.295467 -19.000000 -6.000000 0.000000 
1411 7.055000 -18.295467 -19.000000 -6.000000 0.000000 
1412 7.060000 -18.295467 -18.000000 -8.000000 0.000000 
1413 7.065000 -18.295467 -17.000000 -8.000000 0.000000 
1414 7.070000 -18.295467 -20.000000 -6.000000 0.000000 
1415 7.075000 -18.295467 -19.000000 -7.000000 0.000000 
1416 7.080000 -18.295467 -17.000000 -8.000000 0.000000 
1417 7.085000 -18.295467 -18.000000 -7.000000 0.000000 
1418 7.090000 -18.295467 -20.000000 -7.000000 0.000000 
1419 7.095000 -18.295467 -18.000000 -9.000000 0.000000 
1420 7.100000 -18.295467 -17.000000 -8.000000 0.000000 
1421 7.105000 -18.295467 -20.000000 -6.000000 0.000000 
1422 7.110000 -18.295467 -18.000000 -8.000000 0.000000 
1423 7.115000 -18.295467 -17.000000 -8.000000 0.000000 
1424 7.120000 -18.295467 -19.000000 -7.000000 0.000000 
1425 7.125000 -18.295467 -20.000000 -7.000000 0.000000 
1426 7.130000 -18.295467 -18.000000 -8.000000 0.000000 
1427 7.135000 -18.295467 -17.000000 -8.000000 0.000000 
1428 7.140000 -18.295467 -20.000000 -7.000000 0.000000 
1429 7.145000 -18.295467 -19.000000 -7.000000 0.000000 
1430 7.150000 -18.295467 -18.000000 -8.000000 0.000000 
1431 7.155000 -18.295467 -18.000000 -8.000000 0.000000 
1432 7.160000 -18.295467 -20.000000 -7.000000 0.000000 
1433 7.165000 -18.295467 -18.000000 -8.000000 0.000000 
1434 7.170000 -18.295467 -17.000000 -7.000000 0.000000 
1435 7.175000 -18.295467 -19.000000 -6.000000 0.000000 
1436 7.180000 -18.295467 -19.000000 -7.000000 0.000000 
1437 7.185000 -18.295467 -18.000000 -8.000000 0.000000 
1438 7.190000 -18.295467 -18.000000 -8.000000 0.000000 
1439 7.195000 -18.295467 -19.000000 -6.000000 0.000000 
1440 7.200000 -18.295467 -19.000000 -7.000000 0.000000 
1441 7.205000 -18.295467 -16.000000 -9.000000 0.000000 
1442 7.210000 -18.295467 -20.000000 -7.000000 0.000000 
1443 7.215000 -18.295467 -20.000000 -7.000000 0.000000 
1444 7.220000 -18.295467 -18.000000 -6.000000 0.000000 
1445 7.225000 -18.295467 -17.000000 -6.000000 0.000000 
1446 7.230000 -18.295467 -19.000000 -7.000000 0.000000 
1447 7.235000 -18.295467 -18.000000 -9.000000 0.000000 
1448 7.240000 -18.295467 -17.000000 -8.000000 0.000000 
1449 7.245000 -18.295467 -19.000000 -6.000000 0.000000 
1450 7.250000 -18.295467 -18.000000 -8.000000 0.000000 
1451 7.255000 -18.295467 -17.000000 -9.000000 0.000000 
1452 7.260000 -18.295467 -17.000000 -8.000000 0.000000 
1453 7.265000 -18.295467 -20.000000 -7.000000 0.000000 
1454 7.270000 -18.295467 -18.000000 -9.000000 0.000000 
1455 7.275000 -18.295467 -17.000000 -8.000000 0.000000 
1456 7.280000 -18.295467 -19.000000 -7.000000 0.000000 
1457 7.285000 -18.295467 -19.000000 -7.000000 0.000000 
1458 7.290000 -18.295467 -17.000000 -8.000000 0.000000 
1459 7.295000 -18.295467 -17.000000 -7.000000 0.000000 
1460 7.300000 -18.295467 -20.000000 -6.000000 0.000000 
1461 7.305000 -18.295467 -19.000000 -8.000000 0.000000 
1462 7.310000 -18.295467 -17.000000 -7.000000 0.000000 
1463 7.315000 -18.295467 -18.000000 -6.000000 0.000000 
1464 7.320000 -18.295467 -20.000000 -7.000000 0.000000 
1465 7.325000 -18.295467 -18.000000 -8.000000 0.000000 
1466 7.330000 -18.295467 -17.000000 -7.000000 0.000000 
1467 7.335000 -18.295467 -19.000000 -6.000000 0.000000 
1468 7.340000 -18.295467 -19.000000 -7.000000 0.000000 
1469 7.345000 -18.295467 -17.000000 -8.000000 0.000000 
1470 7.350000 -18.295467 -18.000000 -7.000000 0.000000 
1471 7.355000 -18.295467 -20.000000 -6.000000 0.000000 
1472 7.360000 -18.295467 -18.000000 -8.000000 0.000000 
1473 7.365000 -18.295467 -17.000000 -7.000000 0.000000 
1474 7.370000 -18.295467 -19.000000 -6.000000 0.000000 
1475 7.375000 -18.295467 -19.000000 -8.000000 0.000000 
1476 7.380000 -18.295467 -17.000000 -9.000000 0.000000 
1477 7.385000 -18.295467 -18.000000 -6.000000 0.000000 
1478 7.390000 -18.295467 -19.000000 -6.000000 0.000000 
1479 7.395000 -18.295467 -18.000000 -8.000000 0.000000 
1480 7.400000 -18.295467 -17.000000 -8.000000 0.000000 
1481 7.405000 -18.295467 -19.000000 -7.000000 0.000000 
1482 7.410000 -18.295467 -19.000000 -7.000000 0.000000 
1483 7.415000 -18.295467 -18.000000 -8.000000 0.000000 
1484 7.420000 -18.295467 -17.000000 -8.000000 0.000000 
1485 7.425000 -18.295467 -20.000000 -7.000000 0.000000 
1486 7.430000 -18.295467 -18.000000 -9.000000 0.000000 
1487 7.435000 -18.295467 -17.000000 -9.000000 0.000000 
1488 7.440000 -18.295467 -19.000000 -6.000000 0.000000 
1489 7.445000 -18.295467 -19.000000 -7.000000 0.000000 
1490 7.450000 -18.295467 -17.000000 -9.000000 0.000000 
1491 7.455000 -18.295467 -18.000000 -7.000000 0.000000 
1492 7.460000 -18.295467 -19.000000 -7.000000 0.000000 
1493 7.465000 -18.295467 -18.000000 -9.000000 0.000000 
1494 7.470000 -18.295467 -17.000000 -8.000000 0.000000 
1495 7.475000 -18.295467 -19.000000 -6.000000 0.000000 
1496 7.480000 -18.295467 -20.000000 -6.000000 0.000000 
1497 7.485000 -18.295467 -17.000000 -8.000000 0.000000 
1498 7.490000 -18.295467 -18.000000 -7.000000 0.000000 
1499 7.495000 -18.295467 -19.000000 -6.000000 0.000000 
1500 7.500000 -18.295467 -18.000000 -7.000000 0.000000 
1501 7.505000 -18.295467 -18.000000 -7.000000 0.000000 
1502 7.510000 -18.295467 -19.000000 -6.000000 0.000000 
1503 7.515000 -18.295467 -19.000000 -7.000000 0.000000 
1504 7.520000 -18.295467 -18.000000 -8.000000 0.000000 
1505 7.525000 -18.295467 -17.000000 -8.000000 0.000000 
1506 7.530000 -18.295467 -20.000000 -6.000000 0.000000 
1507 7.535000 -18.295467 -19.000000 -8.000000 0.000000 
1508 7.540000 -18.295467 -17.000000 -9.000000 0.000000 
1509 7.545000 -18.295467 -18.000000 -8.000000 0.000000 
1510 7.550000 -18.295467 -20.000000 -6.000000 0.000000 
1511 7.555000 -18.295467 -18.000000 -8.000000 0.000000 
1512 7.560000 -18.295467 -17.000000 -8.000000 0.000000 
1513 7.565000 -18.295467 -19.000000 -7.000000 0.000000 
1514 7.570000 -18.295467 -19.000000 -7.000000 0.000000 
1515 7.575000 -18.295467 -17.000000 -8.000000 0.000000 
1516 7.580000 -18.295467 -18.000000 -7.000000 0.000000 
1517 7.585000 -18.295467 -20.000000 -7.000000 0.000000 
1518 7.590000 -18.295467 -18.000000 -8.000000 0.000000 
1519 7.595000 -18.295467 -17.000000 -7.000000 0.000000 
1520 7.600000 -18.295467 -19.000000 -7.000000 0.000000 
1521 7.605000 -18.295467 -19.000000 -8.000000 0.000000 
1522 7.610000 -18.295467 -17.000000 -7.000000 0.000000 
1523 7.615000 -18.295467 -18.000000 -6.000000 0.000000 
1524 7.620000 -18.295467 -19.000000 -7.000000 0.000000 
1525 7.625000 -18.295467 -17.000000 -9.000000 0.000000 
1526 7.630000 -18.295467 -17.000000 -8.000000 0.000000 
1527 7.635000 -18.295467 -19.000000 -6.000000 0.000000 
1528 7.640000 -18.295467 -19.000000 -7.000000 0.000000 
1529 7.645000 -18.295467 -17.000000 -8.000000 0.000000 
1530 7.650000 -18.295467 -17.000000 -8.000000 0.000000 
1531 7.655000 -18.295467 -20.000000 -7.000000 0.000000 
1532 7.660000 -18.295467 -19.000000 -7.000000 0.000000 
1533 7.665000 -18.295467 -17.000000 -7.000000 0.000000 
1534 7.670000 -18.295467 -19.000000 -6.000000 0.000000 
1535 7.675000 -18.295467 -20.000000 -7.000000 0.000000 
1536 7.680000 -18.295467 -17.000000 -9.000000 0.000000 
1537 7.685000 -18.295467 -18.000000 -8.000000 0.000000 
1538 7.690000 -18.295467 -20.000000 -7.000000 0.000000 
1539 7.695000 -18.295467 -18.000000 -8.000000 0.000000 
1540 7.700000 -18.295467 -17.000000 -8.000000 0.000000 
1541 7.705000 -18.295467 -19.000000 -7.000000 0.000000 
1542 7.710000 -18.295467 -19.000000 -8.000000 0.000000 
1543 7.715000 -18.295467 -17.000000 -8.000000 0.000000 
1544 7.720000 -18.295467 -18.000000 -7.000000 0.000000 
1545 7.725000 -18.295467 -20.000000 -7.000000 0.000000 
1546 7.730000 -18.295467 -18.000000 -8.000000 0.000000 
1547 7.735000 -18.295467 -17.000000 -8.000000 0.000000 
1548 7.740000 -18.295467 -19.000000 -7.000000 0.000000 
1549 7.745000 -18.295467 -20.000000 -7.000000 0.000000 
1550 7.750000 -18.295467 -18.000000 -7.000000 0.000000 
1551 7.755000 -18.295467 -17.000000 -7.000000 0.000000 
1552 7.760000 -18.295467 -19.000000 -7.000000 0.000000 
1553 7.765000 -18.295467 -18.000000 -9.000000 0.000000 
1554 7.770000 -18.295467 -17.000000 -8.000000 0.000000 
1555 7.775000 -18.295467 -18.000000 -6.000000 0.000000 
1556 7.780000 -18.295467 -19.000000 -6.000000 0.000000 
1557 7.785000 -18.295467 -17.000000 -8.000000 0.000000 
1558 7.790000 -18.295467 -17.000000 -8.000000 0.000000 
1559 7.795000 -18.295467 -20.000000 -6.000000 0.000000 
1560 7.800000 -18.295467 -18.000000 -7.000000 0.000000 
1561 7.805000 -18.295467 -17.000000 -8.000000 0.000000 
1562 7.810000 -18.295467 -18.000000 -8.000000 0.000000 
1563 7.815000 -18.295467 -20.000000 -8.000000 0.000000 
1564 7.820000 -18.295467 -18.000000 -8.000000 0.000000 
1565 7.825000 -18.295467 -17.000000 -7.000000 0.000000 
1566 7.830000 -18.295467 -19.000000 -7.000000 0.000000 
1567 7.835000 -18.295467 -19.000000 -7.000000 0.000000 
1568 7.840000 -18.295467 -17.000000 -8.000000 0.000000 
1569 7.845000 -18.295467 -18.000000 -7.000000 0.000000 
1570 7.850000 -18.295467 -19.000000 -7.000000 0.000000 
1571 7.855000 -18.295467 -18.000000 -8.000000 0.000000 
1572 7.860000 -18.295467 -17.000000 -8.000000 0.000000 
1573 7.865000 -18.295467 -19.000000 -6.000000 0.000000 
1574 7.870000 -18.295467 -19.000000 -7.000000 0.000000 
1575 7.875000 -18.295467 -17.000000 -9.000000 0.000000 
1576 7.880000 -18.295467 -18.000000 -7.000000 0.000000 
1577 7.885000 -18.295467 -20.000000 -6.000000 0.000000 
1578 7.890000 -18.295467 -18.000000 -7.000000 0.000000 
1579 7.895000 -18.295467 -17.000000 -8.000000 0.000000 
1580 7.900000 -18.295467 -19.000000 -7.000000 0.000000 
1581 7.905000 -18.295467 -19.000000 -7.000000 0.000000 
1582 7.910000 -18.295467 -17.000000 -8.000000 0.000000 
1583 7.915000 -18.295467 -18.000000 -7.000000 0.000000 
1584 7.920000 -18.295467 -20.000000 -6.000000 0.000000 
1585 7.925000 -18.295467 -18.000000 -8.000000 0.000000 
1586 7.930000 -18.295467 -18.000000 -7.000000 0.000000 
1587 7.935000 -18.295467 -19.000000 -7.000000 0.000000 
1588 7.940000 -18.295467 -19.000000 -7.000000 0.000000 
1589 7.945000 -18.295467 -17.000000 -8.000000 0.000000 
1590 7.950000 -18.295467 -17.000000 -7.000000 0.000000 
1591 7.955000 -18.295467 -20.000000 -6.000000 0.000000 
1592 7.960000 -18.295467 -19.000000 -7.000000 0.000000 
1593 7.965000 -18.295467 -17.000000 -8.000000 0.000000 
1594 7.970000 -18.295467 -19.000000 -7.000000 0.000000 
1595 7.975000 -18.295467 -20.000000 -8.000000 0.000000 
1596 7.980000 -18.295467 -18.000000 -9.000000 0.000000 
1597 7.985000 -18.295467 -16.000000 -8.000000 0.000000 
1598 7.990000 -18.295467 -20.000000 -7.000000 0.000000 
1599 7.995000 -18.295467 -19.000000 -8.000000 0.000000 
1600 8.000000 -18.295467 -17.000000 -8.000000 0.000000 
1601 8.005000 -18.295467 -19.000000 -6.000000 0.000000 
1602 8.010000 -18.295467 -19.000000 -7.000000 0.000000 
1603 8.015000 -18.295467 -18.000000 -8.000000 0.000000 
1604 8.020000 -18.295467 -17.000000 -7.000000 0.000000 
1605 8.025000 -18.295467 -20.000000 -6.000000 0.000000 
1606 8.030000 -18.295467 -19.000000 -8.000000 0.000000 
1607 8.035000 -18.295467 -17.000000 -8.000000 0.000000 
1608 8.040000 -18.295467 -18.000000 -6.000000 0.000000 
1609 8.045000 -18.295467 -19.000000 -7.000000 0.000000 
1610 8.050000 -18.295467 -17.000000 -8.000000 0.000000 
1611 8.055000 -18.295467 -18.000000 -7.000000 0.000000 
1612 8.060000 -18.295467 -20.000000 -6.000000 0.000000 
1613 8.065000 -18.295467 -19.000000 -7.000000 0.000000 
1614 8.070000 -18.295467 -17.000000 -8.000000 0.000000 
1615 8.075000 -18.295467 -18.000000 -7.000000 0.000000 
1616 8.080000 -18.295467 -20.000000 -7.000000 0.000000 
1617 8.085000 -18.295467 -19.000000 -7.000000 0.000000 
1618 8.090000 -18.295467 -17.000000 -8.000000 0.000000 
1619 8.095000 -18.295467 -19.000000 -8.000000 0.000000 
1620 8.100000 -18.295467 -20.000000 -8.000000 0.000000 
1621 8.105000 -18.295467 -17.000000 -8.000000 0.000000 
1622 8.110000 -18.295467 -18.000000 -6.000000 0.000000 
1623 8.115000 -18.295467 -20.000000 -7.000000 0.000000 
1624 8.120000 -18.295467 -18.000000 -9.000000 0.000000 
1625 8.125000 -18.295467 -18.000000 -7.000000 0.000000 
1626 8.130000 -18.295467 -18.000000 -6.000000 0.000000 
1627 8.135000 -18.295467 -19.000000 -7.000000 0.000000 
1628 8.140000 -18.295467 -17.000000 -9.000000 0.000000 
1629 8.145000 -18.295467 -18.000000 -8.000000 0.000000 
1630 8.150000 -18.295467 -20.000000 -6.000000 0.000000 
1631 8.155000 -18.295467 -18.000000 -8.000000 0.000000 
1632 8.160000 -18.295467 -17.000000 -8.000000 0.000000 
1633 8.165000 -18.295467 -19.000000 -7.000000 0.000000 
1634 8.170000 -18.295467 -20.000000 -6.000000 0.000000 
1635 8.175000 -18.295467 -17.000000 -8.000000 0.000000 
1636 8.180000 -18.295467 -18.000000 -7.000000 0.000000 
1637 8.185000 -18.295467 -19.000000 -7.000000 0.000000 
1638 8.190000 -18.295467 -19.000000 -7.000000 0.000000 
1639 8.195000 -18.295467 -18.000000 -7.000000 0.000000 
1640 8.200000 -18.295467 -19.000000 -7.000000 0.000000 
1641 8.205000 -18.295467 -19.000000 -7.000000 0.000000 
1642 8.210000 -18.295467 -18.000000 -8.000000 0.000000 
1643 8.215000 -18.295467 -17.000000 -6.000000 0.000000 
1644 8.220000 -18.295467 -19.000000 -6.000000 0.000000 
1645 8.225000 -18.295467 -19.000000 -8.000000 0.000000 
1646 8.230000 -18.295467 -17.000000 -8.000000 0.000000 
1647 8.235000 -18.295467 -19.000000 -6.000000 0.000000 
1648 8.240000 -18.295467 -20.000000 -7.000000 0.000000 
1649 8.245000 -18.295467 -18.000000 -8.000000 0.000000 
1650 8.250000 -18.295467 -17.000000 -7.000000 0.000000 
1651 8.255000 -18.295467 -19.000000 -6.000000 0.000000 
1652 8.260000 -18.295467 -18.000000 -9.000000 0.000000 
1653 8.265000 -18.295467 -17.000000 -9.000000 0.000000 
1654 8.270000 -18.295467 -18.000000 -7.000000 0.000000 
1655 8.275000 -18.295467 -20.000000 -6.000000 0.000000 
1656 8.280000 -18.295467 -18.000000 -7.000000 0.000000 
1657 8.285000 -18.295467 -17.000000 -8.000000 0.000000 
1658 8.290000 -18.295467 -19.000000 -7.000000 0.000000 
1659 8.295000 -18.295467 -19.000000 -7.000000 0.000000 
1660 8.300000 -18.295467 -17.000000 -8.000000 0.000000 
1661 8.305000 -18.295467 -17.000000 -8.000000 0.000000 
1662 8.310000 -18.295467 -19.000000 -8.000000 0.000000 
1663 8.315000 -18.295467 -18.000000 -9.000000 0.000000 
1664 8.320000 -18.295467 -17.000000 -8.000000 0.000000 
1665 8.325000 -18.295467 -19.000000 -6.000000 0.000000 
1666 8.330000 -18.295467 -19.000000 -7.000000 0.000000 
1667 8.335000 -18.295467 -17.000000 -8.000000 0.000000 
1668 8.340000 -18.295467 -17.000000 -7.000000 0.000000 
1669 8.345000 -18.295467 -20.000000 -6.000000 0.000000 
1670 8.350000 -18.295467 -18.000000 -8.000000 0.000000 
1671 8.355000 -18.295467 -18.000000 -7.000000 0.000000 
1672 8.360000 -18.295467 -20.000000 -5.000000 0.000000 
1673 8.365000 -18.295467 -19.000000 -7.000000 0.000000 
1674 8.370000 -18.295467 -16.000000 -9.000000 0.000000 
1675 8.375000 -18.295467 -19.000000 -6.000000 0.000000 
1676 8.380000 -18.295467 -19.000000 -5.000000 0.000000 
1677 8.385000 -18.295467 -18.000000 -7.000000 0.000000 
1678 8.390000 -18.295467 -16.000000 -8.000000 0.000000 
1679 8.395000 -18.295467 -19.000000 -7.000000 0.000000 
1680 8.400000 -18.295467 -19.000000 -7.000000 0.000000 
1681 8.405000 -18.295467 -17.000000 -8.000000 0.000000 
1682 8.410000 -18.295467 -17.000000 -8.000000 0.000000 
1683 8.415000 -18.295467 -19.000000 -8.000000 0.000000 
1684 8.420000 -18.295467 -19.000000 -8.000000 0.000000 
1685 8.425000 -18.295467 -17.000000 -8.000000 0.000000 
1686 8.430000 -18.295467 -18.000000 -7.000000 0.000000 
1687 8.435000 -18.295467 -19.000000 -8.000000 0.000000 
1688 8.440000 -18.295467 -18.000000 -9.000000 0.000000 
1689 8.445000 -18.295467 -17.000000 -7.000000 0.000000 
1690 8.450000 -18.295467 -20.000000 -5.000000 0.000000 
1691 8.455000 -18.295467 -18.000000 -8.000000 0.000000 
1692 8.460000 -18.295467 -17.000000 -9.000000 0.000000 
1693 8.465000 -18.295467 -19.000000 -6.000000 0.000000 
1694 8.470000 -18.295467 -19.000000 -6.000000 0.000000 
1695 8.475000 -18.295467 -17.000000 -8.000000 0.000000 
1696 8.480000 -18.295467 -17.000000 -8.000000 0.000000 
1697 8.485000 -18.295467 -20.000000 -7.000000 0.000000 
1698 8.490000 -18.295467 -18.000000 -7.000000 0.000000 
1699 8.495000 -18.295467 -17.000000 -6.000000 0.000000 
1700 8.500000 -18.295467 -18.000000 -6.000000 0.000000 
1701 8.505000 -18.295467 -20.000000 -7.000000 0.000000 
1702 8.510000 -18.295467 -17.000000 -9.000000 0.000000 
1703 8.515000 -18.295467 -17.000000 -8.000000 0.000000 
1704 8.520000 -18.295467 -19.000000 -7.000000 0.000000 
1705 8.525000 -18.295467 -20.000000 -8.000000 0.000000 
1706 8.530000 -18.295467 -17.000000 -9.000000 0.000000 
1707 8.535000 -18.295467 -17.000000 -8.000000 0.000000 
1708 8.540000 -18.295467 -20.000000 -7.000000 0.000000 
1709 8.545000 -18.295467 -18.000000 -8.000000 0.000000 
1710 8.550000 -18.295467 -17.000000 -8.000000 0.000000 
1711 8.555000 -18.295467 -20.000000 -6.000000 0.000000 
1712 8.560000 -18.295467 -19.000000 -7.000000 0.000000 
1713 8.565000 -18.295467 -17.000000 -8.000000 0.000000 
1714 8.570000 -18.295467 -18.000000 -7.000000 0.000000 
1715 8.575000 -18.295467 -20.000000 -7.000000 0.000000 
1716 8.580000 -18.295467 -18.000000 -8.000000 0.000000 
1717 8.585000 -18.295467 -17.000000 -7.000000 0.000000 
1718 8.590000 -18.295467 -19.000000 -7.000000 0.000000 
1719 8.595000 -18.295467 -19.000000 -8.000000 0.000000 
1720 8.600000 -18.295467 -17.000000 -8.000000 0.000000 
1721 8.605000 -18.295467 -18.000000 -6.000000 0.000000 
1722 8.610000 -18.295467 -19.000000 -7.000000 0.000000 
1723 8.615000 -18.295467 -18.000000 -9.000000 0.000000 
1724 8.620000 -18.295467 -17.000000 -8.000000 0.000000 
1725 8.625000 -18.295467 -19.000000 -6.000000 0.000000 
1726 8.630000 -18.295467 -19.000000 -7.000000 0.000000 
1727 8.635000 -18.295467 -17.000000 -9.000000 0.000000 
1728 8.640000 -18.295467 -18.000000 -7.000000 0.000000 
1729 8.645000 -18.295467 -20.000000 -6.000000 0.000000 
1730 8.650000 -18.295467 -19.000000 -7.000000 0.000000 
1731 8.655000 -18.295467 -17.000000 -7.000000 0.000000 
1732 8.660000 -18.295467 -19.000000 -6.000000 0.000000 
1733 8.665000 -18.295467 -20.000000 -6.000000 0.000000 
1734 8.670000 -18.295467 -17.000000 -7.000000 0.000000 
1735 8.675000 -18.295467 -17.000000 -7.000000 0.000000 
1736 8.680000 -18.295467 -19.000000 -8.000000 0.000000 
1737 8.685000 -18.295467 -18.000000 -9.000000 0.000000 
1738 8.690000 -18.295467 -18.000000 -7.000000 0.000000 
1739 8.695000 -18.295467 -19.000000 -6.000000 0.000000 
1740 8.700000 -18.295467 -20.000000 -7.000000 0.000000 
1741 8.705000 -18.295467 -18.000000 -9.000000 0.000000 
1742 8.710000 -18.295467 -18.000000 -6.000000 0.000000 
1743 8.715000 -18.295467 -19.000000 -5.000000 0.000000 
1744 8.720000 -18.295467 -18.000000 -7.000000 0.000000 
1745 8.725000 -18.295467 -18.000000 -8.000000 0.000000 
1746 8.730000 -18.295467 -19.000000 -7.000000 0.000000 
1747 8.735000 -18.295467 -19.000000 -7.000000 0.000000 
1748 8.740000 -18.295467 -18.000000 -8.000000 0.000000 
1749 8.745000 -18.295467 -17.000000 -8.000000 0.000000 
1750 8.750000 -18.295467 -19.000000 -7.000000 0.000000 
1751 8.755000 -18.295467 -19.000000 -7.000000 0.000000 
1752 8.760000 -18.295467 -18.000000 -8.000000 0.000000 
1753 8.765000 -18.295467 -18.000000 -6.000000 0.000000 
1754 8.770000 -18.295467 -20.000000 -6.000000 0.000000 
1755 8.775000 -18.295467 -18.000000 -8.000000 0.000000 
1756 8.780000 -18.295467 -17.000000 -7.000000 0.000000 
1757 8.785000 -18.295467 -19.000000 -5.000000 0.000000 
1758 8.790000 -18.295467 -19.000000 -7.000000 0.000000 
1759 8.795000 -18.295467 -17.000000 -8.000000 0.000000 
1760 8.800000 -18.295467 -18.000000 -8.000000 0.000000 
1761 8.805000 -18.295467 -20.000000 -7.000000 0.000000 
1762 8.810000 -18.295467 -18.000000 -8.000000 0.000000 
1763 8.815000 -18.295467 -16.000000 -8.000000 0.000000 
1764 8.820000 -18.295467 -20.000000 -5.000000 0.000000 
1765 8.825000 -18.295467 -19.000000 -7.000000 0.000000 
1766 8.830000 -18.295467 -17.000000 -8.000000 0.000000 
1767 8.835000 -18.295467 -18.000000 -6.000000 0.000000 
1768 8.840000 -18.295467 -20.000000 -6.000000 0.000000 
1769 8.845000 -18.295467 -18.000000 -8.000000 0.000000 
1770 8.850000 -18.295467 -16.000000 -9.000000 0.000000 
1771 8.855000 -18.295467 -20.000000 -6.000000 0.000000 
1772 8.860000 -18.295467 -19.000000 -7.000000 0.000000 
1773 8.865000 -18.295467 -17.000000 -9.000000 0.000000 
1774 8.870000 -18.295467 -17.000000 -9.000000 0.000000 
1775 8.875000 -18.295467 -19.000000 -7.000000 0.000000 
1776 8.880000 -18.295467 -19.000000 -7.000000 0.000000 
1777 8.885000 -18.295467 -17.000000 -7.000000 0.000000 
1778 8.890000 -18.295467 -19.000000 -7.000000 0.000000 
1779 8.895000 -18.295467 -19.000000 -9.000000 0.000000 
1780 8.900000 -18.295467 -18.000000 -8.000000 0.000000 
1781 8.905000 -18.295467 -17.000000 -7.000000 0.000000 
1782 8.910000 -18.295467 -20.000000 -6.000000 0.000000 
1783 8.915000 -18.295467 -18.000000 -8.000000 0.000000 
1784 8.920000 -18.295467 -17.000000 -8.000000 0.000000 
1785 8.925000 -18.295467 -19.000000 -6.000000 0.000000 
1786 8.930000 -18.295467 -20.000000 -5.000000 0.000000 
1787 8.935000 -18.295467 -18.000000 -7.000000 0.000000 
1788 8.940000 -18.295467 -18.000000 -7.000000 0.000000 
1789 8.945000 -18.295467 -20.000000 -6.000000 0.000000 
1790 8.950000 -18.295467 -20.000000 -6.000000 0.000000 
1791 8.955000 -18.295467 -17.000000 -8.000000 0.000000 
1792 8.960000 -18.295467 -18.000000 -8.000000 0.000000 
1793 8.965000 -18.295467 -20.000000 -7.000000 0.000000 
1794 8.970000 -18.295467 -18.000000 -8.000000 0.000000 
1795 8.975000 -18.295467 -17.000000 -8.000000 0.000000 
1796 8.980000 -18.295467 -19.000000 -7.000000 0.000000 
1797 8.985000 -18.295467 -20.000000 -7.000000 0.000000 
1798 8.990000 -18.295467 -17.000000 -8.000000 0.000000 
1799 8.995000 -18.295467 -18.000000 -6.000000 0.000000 
1800 9.000000 -18.295467 -19.000000 -6.000000 0.000000 
1801 9.005000 -18.295467 -18.000000 -8.000000 0.000000 
1802 9.010000 -18.295467 -16.000000 -9.000000 0.000000 
1803 9.015000 -18.295467 -20.000000 -7.000000 0.000000 
1804 9.020000 -18.295467 -19.000000 -7.000000 0.000000 
1805 9.025000 -18.295467 -17.000000 -9.000000 0.000000 
1806 9.030000 -18.295467 -19.000000 -7.000000 0.000000 
1807 9.035000 -18.295467 -20.000000 -7.000000 0.000000 
1808 9.040000 -18.295467 -18.000000 -7.000000 0.000000 
1809 9.045000 -18.295467 -17.000000 -7.000000 0.000000 
1810 9.050000 -18.295467 -19.000000 -6.000000 0.000000 
1811 9.055000 -18.295467 -18.000000 -8.000000 0.000000 
1812 9.060000 -18.295467 -17.000000 -8.000000 0.000000 
1813 9.065000 -18.295467 -18.000000 -7.000000 0.000000 
1814 9.070000 -18.295467 -20.000000 -7.000000 0.000000 
1815 9.075000 -18.295467 -18.000000 -8.000000 0.000000 
1816 9.080000 -18.295467 -17.000000 -8.000000 0.000000 
1817 9.085000 -18.295467 -18.000000 -7.000000 0.000000 
1818 9.090000 -18.295467 -19.000000 -8.000000 0.000000 
1819 9.095000 -18.295467 -17.000000 -8.000000 0.000000 
1820 9.100000 -18.295467 -18.000000 -6.000000 0.000000 
1821 9.105000 -18.295467 -20.000000 -5.000000 0.000000 
1822 9.110000 -18.295467 -18.000000 -8.000000 0.000000 
1823 9.115000 -18.295467 -16.000000 -8.000000 0.000000 
1824 9.120000 -18.295467 -18.000000 -7.000000 0.000000 
1825 9.125000 -18.295467 -19.000000 -7.000000 0.000000 
1826 9.130000 -18.295467 -18.000000 -7.000000 0.000000 
1827 9.135000 -18.295467 -18.000000 -7.000000 0.000000 
1828 9.140000 -18.295467 -20.000000 -7.000000 0.000000 
1829 9.145000 -18.295467 -19.000000 -8.000000 0.000000 
1830 9.150000 -18.295467 -17.000000 -7.000000 0.000000 
1831 9.155000 -18.295467 -19.000000 -6.000000 0.000000 
1832 9.160000 -18.295467 -20.000000 -7.000000 0.000000 
1833 9.165000 -18.295467 -17.000000 -9.000000 0.000000 
1834 9.170000 -18.295467 -18.000000 -7.000000 0.000000 
1835 9.175000 -18.295467 -20.000000 -6.000000 0.000000 
1836 9.180000 -18.295467 -19.000000 -7.000000 0.000000 
1837 9.185000 -18.295467 -17.000000 -8.000000 0.000000 
1838 9.190000 -18.295467 -19.000000 -8.000000 0.000000 
1839 9.195000 -18.295467 -20.000000 -7.000000 0.000000 
1840 9.200000 -18.295467 -19.000000 -7.000000 0.000000 
1841 9.205000 -18.295467 -17.000000 -6.000000 0.000000 
1842 9.210000 -18.295467 -19.000000 -6.000000 0.000000 
1843 9.215000 -18.295467 -19.000000 -7.000000 0.000000 
1844 9.220000 -18.295467 -17.000000 -8.000000 0.000000 
1845 9.225000 -18.295467 -18.000000 -5.000000 0.000000 
1846 9.230000 -18.295467 -19.000000 -7.000000 0.000000 
1847 9.235000 -18.295467 -18.000000 -9.000000 0.000000 
1848 9.240000 -18.295467 -17.000000 -8.000000 0.000000 
1849 9.245000 -18.295467 -19.000000 -7.000000 0.000000 
1850 9.250000 -18.295467 -20.000000 -7.000000 0.000000 
1851 9.255000 -18.295467 -17.000000 -8.000000 0.000000 
1852 9.260000 -18.295467 -18.000000 -6.000000 0.000000 
1853 9.265000 -18.295467 -20.000000 -6.000000 0.000000 
1854 9.270000 -18.295467 -18.000000 -7.000000 0.000000 
1855 9.275000 -18.295467 -18.000000 -6.000000 0.000000 
1856 9.280000 -18.295467 -19.000000 -6.000000 0.000000 
1857 9.285000 -18.295467 -19.000000 -8.000000 0.000000 
1858 9.290000 -18.295467 -17.000000 -9.000000 0.000000 
1859 9.295000 -18.295467 -18.000000 -7.000000 0.000000 
1860 9.300000 -18.295467 -19.000000 -7.000000 0.000000 
1861 9.305000 -18.295467 -18.000000 -9.000000 0.000000 
1862 9.310000 -18.295467 -17.000000 -9.000000 0.000000 
1863 9.315000 -18.295467 -20.000000 -6.000000 0.000000 
1864 9.320000 -18.295467 -19.000000 -6.000000 0.000000 
1865 9.325000 -18.295467 -18.000000 -7.000000 0.000000 
1866 9.330000 -18.295467 -17.000000 -7.000000 0.000000 
1867 9.335000 -18.295467 -20.000000 -6.000000 0.000000 
1868 9.340000 -18.295467 -18.000000 -8.000000 0.000000 
1869 9.345000 -18.295467 -17.000000 -7.000000 0.000000 
1870 9.350000 -18.295467 -18.000000 -6.000000 0.000000 
1871 9.355000 -18.295467 -20.000000 -7.000000 0.000000 
1872 9.360000 -18.295467 -18.000000 -9.000000 0.000000 
1873 9.365000 -18.295467 -17.000000 -8.000000 0.000000 
1874 9.370000 -18.295467 -20.000000 -5.000000 0.000000 
1875 9.375000 -18.295467 -18.000000 -7.000000 0.000000 
1876 9.380000 -18.295467 -16.000000 -8.000000 0.000000 
1877 9.385000 -18.295467 -18.000000 -7.000000 0.000000 
1878 9.390000 -18.295467 -20.000000 -6.000000 0.000000 
1879 9.395000 -18.295467 -17.000000 -7.000000 0.000000 
1880 9.400000 -18.295467 -17.000000 -7.000000 0.000000 
1881 9.405000 -18.295467 -20.000000 -7.000000 0.000000 
1882 9.410000 -18.295467 -19.000000 -9.000000 0.000000 
1883 9.415000 -18.295467 -17.000000 -9.000000 0.000000 
1884 9.420000 -18.295467 -18.000000 -7.000000 0.000000 
1885 9.425000 -18.295467 -20.000000 -6.000000 0.000000 
1886 9.430000 -18.295467 -18.000000 -9.000000 0.000000 
1887 9.435000 -18.295467 -17.000000 -8.000000 0.000000 
1888 9.440000 -18.295467 -20.000000 -6.000000 0.000000 
1889 9.445000 -18.295467 -19.000000 -7.000000 0.000000 
1890 9.450000 -18.295467 -17.000000 -8.000000 0.000000 
1891 9.455000 -18.295467 -18.000000 -7.000000 0.000000 
1892 9.460000 -18.295467 -20.000000 -7.000000 0.000000 
1893 9.465000 -18.295467 -18.000000 -8.000000 0.000000 
1894 9.470000 -18.295467 -17.000000 -8.000000 0.000000 
1895 9.475000 -18.295467 -19.000000 -7.000000 0.000000 
1896 9.480000 -18.295467 -19.000000 -7.000000 0.000000 
1897 9.485000 -18.295467 -18.000000 -7.000000 0.000000 
1898 9.490000 -18.295467 -19.000000 -5.000000 0.000000 
1899 9.495000 -18.295467 -19.000000 -6.000000 0.000000 
1900 9.500000 -18.295467 -18.000000 -8.000000 0.000000 
1901 9.505000 -18.295467 -17.000000 -8.000000 0.000000 
1902 9.510000 -18.295467 -20.000000 -6.000000 0.000000 
1903 9.515000 -18.295467 -19.000000 -7.000000 0.000000 
1904 9.520000 -18.295467 -18.000000 -8.000000 0.000000 
1905 9.525000 -18.295467 -18.000000 -8.000000 0.000000 
1906 9.530000 -18.295467 -20.000000 -7.000000 0.000000 
1907 9.535000 -18.295467 -18.000000 -7.000000 0.000000 
1908 9.540000 -18.295467 -17.000000 -7.000000 0.000000 
1909 9.545000 -18.295467 -19.000000 -6.000000 0.000000 
1910 9.550000 -18.295467 -20.000000 -7.000000 0.000000 
1911 9.555000 -18.295467 -18.000000 -8.000000 0.000000 
1912 9.560000 -18.295467 -17.000000 -7.000000 0.000000 
1913 9.565000 -18.295467 -19.000000 -6.000000 0.000000 
1914 9.570000 -18.295467 -18.000000 -9.000000 0.000000 
1915 9.575000 -18.295467 -17.000000 -9.000000 0.000000 
1916 9.580000 -18.295467 -19.000000 -8.000000 0.000000 
1917 9.585000 -18.295467 -19.000000 -8.000000 0.000000 
1918 9.590000 -18.295467 -17.000000 -7.000000 0.000000 
1919 9.595000 -18.295467 -17.000000 -7.000000 0.000000 
1920 9.600000 -18.295467 -19.000000 -7.000000 0.000000 
1921 9.605000 -18.295467 -19.000000 -7.000000 0.000000 
1922 9.610000 -18.295467 -17.000000 -8.000000 0.000000 
1923 9.615000 -18.295467 -19.000000 -6.000000 0.000000 
1924 9.620000 -18.295467 -19.000000 -7.000000 0.000000 
1925 9.625000 -18.295467 -17.000000 -8.000000 0.000000 
1926 9.630000 -18.295467 -18.000000 -7.000000 0.000000 
1927 9.635000 -18.295467 -20.000000 -6.000000 0.000000 
1928 9.640000 -18.295467 -19.000000 -7.000000 0.000000 
1929 9.645000 -18.295467 -17.000000 -7.000000 0.000000 
1930 9.650000 -18.295467 -18.000000 -6.000000 0.000000 
1931 9.655000 -18.295467 -20.000000 -6.000000 0.000000 
1932 9.660000 -18.295467 -17.000000 -8.000000 0.000000 
1933 9.665000 -18.295467 -17.000000 -7.000000 0.000000 
1934 9.670000 -18.295467 -19.000000 -6.000000 0.000000 
1935 9.675000 -18.295467 -19.000000 -7.000000 0.000000 
1936 9.680000 -18.295467 -16.000000 -9.000000 0.000000 
1937 9.685000 -18.295467 -18.000000 -7.000000 0.000000 
1938 9.690000 -18.295467 -19.000000 -8.000000 0.000000 
1939 9.695000 -18.295467 -18.000000 -8.000000 0.000000 
1940 9.700000 -18.295467 -17.000000 -7.000000 0.000000 
1941 9.705000 -18.295467 -20.000000 -6.000000 0.000000 
1942 9.710000 -18.295467 -19.000000 -7.000000 0.000000 
1943 9.715000 -18.295467 -17.000000 -8.000000 0.000000 
1944 9.720000 -18.295467 -18.000000 -6.000000 0.000000 
1945 9.725000 -18.295467 -20.000000 -7.000000 0.000000 
1946 9.730000 -18.295467 -18.000000 -9.000000 0.000000 
1947 9.735000 -18.295467 -17.000000 -8.000000 0.000000 
1948 9.740000 -18.295467 -19.000000 -6.000000 0.000000 
1949 9.745000 -18.295467 -19.000000 -7.000000 0.000000 
1950 9.750000 -18.295467 -17.000000 -9.000000 0.000000 
1951 9.755000 -18.295467 -18.000000 -8.000000 0.000000 
1952 9.760000 -18.295467 -20.000000 -6.000000 0.000000 
1953 9.765000 -18.295467 -18.000000 -7.000000 0.000000 
1954 9.770000 -18.295467 -16.000000 -8.000000 0.000000 
1955 9.775000 -18.295467 -18.000000 -7.000000 0.000000 
1956 9.780000 -18.295467 -20.000000 -7.000000 0.000000 
1957 9.785000 -18.295467 -17.000000 -9.000000 0.000000 
1958 9.790000 -18.295467 -18.000000 -7.000000 0.000000 
1959 9.795000 -18.295467 -19.000000 -7.000000 0.000000 
1960 9.800000 -18.295467 -18.000000 -9.000000 0.000000 
1961 9.805000 -18.295467 -18.000000 -8.000000 0.000000 
1962 9.810000 -18.295467 -18.000000 -7.000000 0.000000 
1963 9.815000 -18.295467 -20.000000 -6.000000 0.000000 
1964 9.820000 -18.295467 -17.000000 -8.000000 0.000000 
1965 9.825000 -18.295467 -18.000000 -7.000000 0.000000 
1966 9.830000 -18.295467 -20.000000 -6.000000 0.000000 
1967 9.835000 -18.295467 -19.000000 -7.000000 0.000000 
1968 9.840000 -18.295467 -17.000000 -7.000000 0.000000 
1969 9.845000 -18.295467 -18.000000 -8.000000 0.000000 
1970 9.850000 -18.295467 -19.000000 -9.000000 0.000000 
1971 9.855000 -18.295467 -18.000000 -9.000000 0.000000 
1972 9.860000 -18.295467 -17.000000 -8.000000 0.000000 
1973 9.865000 -18.295467 -19.000000 -7.000000 0.000000 
1974 9.870000 -18.295467 -18.000000 -8.000000 0.000000 
1975 9.875000 -18.295467 -18.000000 -8.000000 0.000000 
1976 9.880000 -18.295467 -18.000000 -7.000000 0.000000 
1977 9.885000 -18.295467 -20.000000 -6.000000 0.000000 
1978 9.890000 -18.295467 -18.000000 -8.000000 0.000000 
1979 9.895000 -18.295467 -17.000000 -8.000000 0.000000 
1980 9.900000 -18.295467 -20.000000 -7.000000 0.000000 
1981 9.905000 -18.295467 -19.000000 -7.000000 0.000000 
1982 9.910000 -18.295467 -17.000000 -8.000000 0.000000 
1983 9.915000 -18.295467 -18.000000 -8.000000 0.000000 
1984 9.920000 -18.295467 -19.000000 -8.000000 0.000000 
1985 9.925000 -18.295467 -18.000000 -7.000000 0.000000 
1986 9.930000 -18.295467 -17.000000 -7.000000 0.000000 
1987 9.935000 -18.295467 -19.000000 -6.000000 0.000000 
1988 9.940000 -18.295467 -19.000000 -7.000000 0.000000 
1989 9.945000 -18.295467 -17.000000 -8.000000 0.000000 
1990 9.950000 -18.295467 -18.000000 -7.000000 0.000000 
1991 9.955000 -18.295467 -19.000000 -6.000000 0.000000 
1992 9.960000 -18.295467 -17.000000 -9.000000 0.000000 
1993 9.965000 -18.295467 -18.000000 -8.000000 0.000000 
1994 9.970000 -18.295467 -20.000000 -6.000000 0.000000 
1995 9.975000 -18.295467 -19.000000 -7.000000 0.000000 
1996 9.980000 -18.295467 -17.000000 -7.000000 0.000000 
1997 9.985000 -18.295467 -18.000000 -7.000000 0.000000 
1998 9.990000 -18.295467 -19.000000 -7.000000 0.000000 
1999 9.995000 -18.295467 -18.000000 -8.000000 0.000000 
